合肥东凯新型建材有限公司,统计,五险一金/绩效奖金/包吃/带薪年假,CZ177083620,100-499人,4千-6千,合肥,大专,1-3年,股份制企业,http://company.zhaopin.com/CZ177083620.htm,http://jobs.zhaopin.com/CC177083623J00348998802.htm,统计,CC177083623J00348998802,664,,1,1,"每月拿着微薄的薪水，频繁换工作，没有一技傍身，人生一直找不到目标，这是不是你目前的状态？想要改变前途，改变命运吗？一切掌握在你手中！为自己负责，为家人负责，诱人的薪水、体面的工作环境、不断晋升的职业空间，这是不是才是你想要的？如果想要实现这一切，数据分析师是一个不错的选择，不敲代码也能搞定的技术岗！要求：1、对计算机有兴趣，可以接受并进入数据分析行业，发展工作。2、对人工智能、大数据、程序有兴趣爱好，动手能力强，愿意加入该行业工作。3、18-30周岁，大专以上学历（专业不限）；4、对数字敏感，有良好的学习能力；对计算机感兴趣5、无经验者可先实训后上岗。福利待遇：1、基本工资4500-6500+项目提成+餐费补贴2、五险+双休法定假日,有良好的晋升空间3、全体员工除享受以上福利待遇外还将享受带薪年假、婚假、产假等国家法定节假日。工作时间：1、上午9:00_12:00；下午1:30―5:302、周末双休+法定节假日+五险一金发展方向：1、公司提供良好的晋升平台，职业晋升：助理数据分析师――数据分析师――项目经理――算法工程师等等；2、机会总是留给有准备的人，能者多劳，多劳多得。（如果我不在线，您可以直接电话联系或给我留言入职=姓名+电话+学历及专业，看见马上回复您"
北京融汇天诚投资管理有限公司,数据分析专员,年底双薪/五险一金/绩效奖金/年终分红/弹性工作/出国游/定期团建/周末双休,CZ290722080,500-999人,1万-1.5万,北京,大专,1-3年,合资,http://company.zhaopin.com/CZ290722080.htm,http://jobs.zhaopin.com/CC290722089J00195736613.htm,数据分析专员,CC290722089J00195736613,530,,1,1,岗位职责：1、深入熟悉酒店业务，建立核心指标运营监测体系和预警体系；2、分析用户行为和商户特征，善于归纳、并进行数据分析和挖掘价值 ，输出数据报告；3、深入理解业务方向和战略，建立数据模型，提供决策支持；4、梳理数据需求，并进行相关数据规划，推动技术实现报表及分析的自动化。岗位要求： 1、统计学、数学、计算机等相关专业本科及以上学历；2、熟悉SQL语言，熟练操作Excel，熟悉数据分析方法； 3、热爱互联网工作，三年以上数据分析经验，有O2O或酒店相关经验者优先；4、良好的学习与抗压能力，能自我驱动，有强烈的责任感。
四川虎跃科技有限公司,人事助理/人力资源专员/纯文职+轻松4K,,CZ872188840,20-99人,4千-6千,重庆,大专,不限,民营,http://company.zhaopin.com/CZ872188840.htm,http://jobs.zhaopin.com/CC872188840J00447239405.htm,人事助理/人力资源专员/纯文职+轻松4K,CC872188840J00447239405,551,,1,1,1、熟悉各类办公软件；       2、具备一定的文案能力和活动策划能力； 3、语言表达能力强，有较强的责任心； 4、全日制本科及以上学历； 5、具有中级以上人力资源管理师条件优先； 6、熟悉国家及重庆市的相关劳动人事社保政策，精通劳动法律法规； 7、熟悉人力资源日常管理工作流程；  8、相关专业：人力资源管理、行政管理、统计学、工商管理、政治学与行政学等相关专业。
重庆盈弘科技有限公司,市场调研分析专员,绩效奖金/周末双休/节日福利/员工旅游/补充医疗保险/全勤奖/五险一金/弹性工作,CZ341925330,20人以下,6千-8千,重庆,大专,1-3年,民营,http://company.zhaopin.com/CC341925332.htm,http://jobs.zhaopin.com/CC341925332J00098729106.htm,市场调研分析专员,CC341925332J00098729106,551,,1,1,  岗位职责：  1、负责搜集并学习国家相关部门发行的电力信息化相关的政策标准及数据标准； 2、负责协助项目经理进行电力行业领域的客户需求分析和方案设计，编写形成规划方案、建设方案、可行性研究报告等可交付成果； 3、负责电力产品相关数据标准的分析、挖掘、利用；  任职要求：  1、本科及以上学历，计算机、软件、电力、新闻及统计学相关专业；  2、性格外向，思维敏捷，具备良好的沟通和书面表达能力；  3、端正的工作态度，高度的工作责任心和良好的职业素养；  4、有过电力行业国家相关数据标准整理和分析经验者优先； 5、硕士在读期间，有发表过论文或专利申请者优先考虑。
宝姿(中国)有限公司,CRM数据分析专员,五险一金/绩效奖金/餐补/带薪年假/弹性工作/节日福利/包住/定期体检,CZ242509210,1000-9999人,6千-8千,厦门,本科,不限,外商独资,http://company.zhaopin.com/CZ242509210.htm ,http://jobs.zhaopin.com/CC242509211J00350166402.htm,CRM数据分析专员,CC242509211J00350166402,682,集美区,1,1,  数据分析师岗位职责：  1、分析客户需求，理解客户业务；   2、负责对数据进行深度分析和挖掘，创建大数据分析流程，进行数据探索分析，构建分析模型，为优化产品提供数据支持；   3、探索金融征信行业发展趋势，跟踪数据挖掘和数据分析领域的技术发展方向，熟悉信用风险建模者优先；   4、与业务团队紧密沟通和联系，解决部门数据统计和分析需求。  任职要求：  1、本科及以上学历，计算机、数学、统计、金融等相关专业，3年及以上相关开发经验；  2、熟悉Oracle，DB2、MYSQL中至少一种主流数据库软件；  3、统计学知识和PYTHON建模使用经验优先；  4、具有极强的学习能力和业务理解能力，良好的沟通和团队合作能力；  5、有银行、信贷、互联网金融等行业经验优先。
亚信科技(中国)有限公司,大数据分析师,五险一金/年底双薪/带薪年假/通讯补助/补充医疗保险/定期体检/免费班车,CZ139131340,10000人以上,1.5万-2.5万,福州,本科,5-10年,民营,http://company.zhaopin.com/CZ139131340.htm,http://jobs.zhaopin.com/CC139131348J00102126713.htm,大数据分析师,CC139131348J00102126713,681,,1,1,岗位职责：岗位职责：1、协助从数据库获取数据，对日常数据进行汇总，形成日报、周报、月份等汇报机制。2、利用一定的建模技术或挖掘技术对用户数据进行分类，并进行精细化运营及营销。3、熟悉数据统计分析或挖掘技术，推动统计分析模型的建立和完善，为运营决策提供支持。4、根据数据分析和对业务形态的理解，对产品、服务、营销等活动提出合理化建议的建议。5、协助完成其它各项数据分析工作。任职要求：1、大专以上学历，可接受应届生；2、熟悉数据库操作；3、有1年以上数据数据分析相关工作经验、有互联网金融行业相关经验优先；4、较强的学习能力，良好的沟通表达能力及团队协作能力。
德邦物流股份有限公司,快递文职（鼓楼）,节日福利/五险一金/绩效奖金/全勤奖/餐补/房补/弹性工作,CZ156976020,10000人以上,2千-4千,福州,学历不限,不限,民营,http://special.zhaopin.com/2016/sh/dbwl031452/index.html,http://jobs.zhaopin.com/156976022279624.htm,快递文职（鼓楼）,CC156976022J90279624000,681,鼓楼区,1,1,工作职责：1、协助部门主管通过数据分析进行物流业务量的预测、运营，提高流转效率；2、深入理解业务，学习构建数据分析与数据挖掘体系;3、跨部门沟通和协调。任职资格：1、对数字、数据敏感，具备良好的逻辑思维能力，能够从海量数据中发现有价值的规律；2、主动学习能力强，熟练使用excel，ppt等软件，熟悉SQL、SPSS、SAS等主流数据分析软件工具者优先；3、大专以上学历，物流、仓储、资料员类等工作背景优先。
瑞熙(福建)信息科技有限公司,算法工程师,周末双休/五险一金/定期体检/弹性工作/带薪年假,CZ664977980,20-99人,1万-1.5万,厦门,本科,3-5年,民营,http://company.zhaopin.com/CZ664977980.htm,http://jobs.zhaopin.com/CZ664977980J00242734207.htm,算法工程师,CZ664977980J00242734207,682,集美区,1,1,岗位职责：1. 基于业务，搭建多维度的服务数据分析框架，并完成监控和分析工作；2. 对数据波动进行原因追溯，给出合理解释，并通过适当的方式进行汇报呈现，推动相关团队改善服务体验；3. 面向与产品功能、用户分析相关的专题性问题，通过多种调研方式，深入了解分析诉求，搭建对应的分析模型，给出有针对性的系统性的解答；4. 沉淀分析思路，利用工具搭建数据报表或负责建设分析用数据产品应用，推动报表体系和统计体系的改进；5. 与产品、技术、运营等团队紧密合作，共同达成业务目标。任职要求：1. 大学本科或以上学历，具备扎实的数据统计和数据分析专业知识；2. 三年以上数据分析相关经验，数据敏感，逻辑性强，反应敏捷；3. 熟练使用SQL读取数据，掌握一种脚本语言（R、Python等）；4. 较强的人际沟通、协调能力，具有良好的口头和书面表达能力；5. 主动性强，能够快速学习和适应新业务，有较强的责任心，有团队协作精神。
广州成隆金属材料有限公司,国内期货研投员（ 3年实盘经验+可异地）,年终分红/弹性工作/补充医疗保险/无试用期/周末双休/项目奖金/定期团建/节日福利,CZ823965850,20-99人,8千-1.2万,泉州,大专,3-5年,民营,http://company.zhaopin.com/CZ823965850.htm,http://jobs.zhaopin.com/CC823965850J00183845302.htm,国内期货研投员（ 3年实盘经验+可异地）,CC823965850J00183845302,685,,1,1," 岗位职责： 1、分析客户需求，理解客户业务；                    2、负责对数据进行深度分析和挖掘，创建大数据分析流程，进行数据探索分析，构建分析模型为优化产品涉及提供数据支持；                                     3、探索金融征信行业发展趋势，跟踪数据挖掘和数据分析领域的技术发展方向；                           4、与业务团队紧密沟通和联系，解决部门数据统计和分析需求。 任职要求： 1、本科及以上学历，计算机、数学、统计、金融等相关专业，3年及以上相关开发经验； 2、熟悉Oracle，DB2、MYSQL中至少一种主流数据库软件； 3、统计学知识和软件使用经验优先（SAS、SPSS等）； 4、有分布式运算相关开发经验，有Hadoop,Hive,Mapreduce,Storm,Spark等相关开发经验优先； 5、具有极强的学习能力和业务理解能力，良好的沟通和团队合作能力； 6、有银行、信贷、互联网等行业经验优先。"
福州龙腾简合网络技术有限公司,数据产品设计师,五险一金/全勤奖/10010/带薪年假/定期体检/节日福利/绩效奖金,CZ644583420,500-999人,5千-1万,福州,大专,1-3年,民营,http://company.zhaopin.com/CZ644583420.htm,http://jobs.zhaopin.com/644583427250548.htm,数据产品设计师,CC644583427J90250548000,681,,1,1,岗位职责：1、负责公司产品分析工作，完成产品数据分析工作，包括：需求分析、数据组织与清洗、数据统计分析及报告撰写；2、根据用户行为对数据进行产品分析，帮助优化产品，快速提升数据指标；3、负责产品的数据建设工作，包括数据采集、数据清理，数据挖掘等；4、能够针对产品数据分析给出对策建议，形成简明扼要的分析报告并推动落地；5、统筹基础数据规划，制定统一数据标准及后续维护工作。任职要求：1、性别不限，计算机或数学、数据挖掘或计量统计、运筹学、经济学等相关专业，本科及以上学历；2、两年及以上商业数据分析相关工作经验，有大量数据收集经验者优先；3、三年以上互联网公司数据分析及数据建模经验；精通SQL，熟练使用R/Python进行数据清洗、分析；4、熟练使用EXCEL、SPSS等统计分析工具；5、能够使用ETL工具和程序脚本，进行数据清洗、转换、加载，对常用业务数据进行自动化处理，能够使用数据库设计工具，如PD等，进行业务数据系统的设计；6、对数据敏感，自我驱动，能通过数据主动发现问题并解决问题的能力。
国人证券咨询(北京)有限公司,股票配资代理,,CZ377573430,20-99人,8万-9万,兰州,学历不限,不限,股份制企业,http://company.zhaopin.com/CZ377573430.htm,http://jobs.zhaopin.com/CC377573430J00171514410.htm,股票配资代理,CC377573430J00171514410,864,,1,1,   专门从事行业数据搜集、整理、分析，并依据数据做出行业研究、评估和预测的专业人员。男女不限，25-30岁以内。
宇滴教育科技(武汉)有限公司,长期招聘金融类量化分析英文撰写兼职人员,,CZ833258610,20-99人,8千-1万,兰州,本科,不限,其它,http://company.zhaopin.com/CZ833258610.htm,http://jobs.zhaopin.com/CC833258610J00292807206.htm,长期招聘金融类量化分析英文撰写兼职人员,CC833258610J00292807206,864,,1,1,岗位职责：分析公司的业务数据，为门店提供分析报告和改进建议，帮助门店提升销售能力。任职要求:1、大专以上学历，数学或统计类相关专业，对数据较为敏感；2、工作经验：有商场或超市数据分析工作经验者优先；3、综合素质：优秀的逻辑分析能力和良好的沟通互动能力，具有团队合作精神，执行力强；具有专业服务意识和工作热情，思路清晰，学习能力强，能承担较大压力；4、 其他能力：精通Office软件使用（Word，Excel和PPT）。
深圳精确医疗服务有限公司,医学编辑（西药学方向）,五险一金/股票期权/带薪年假/补充医疗保险/节日福利/定期团建/不定期调薪,CZ383847380,20-99人,6.5千-1万,深圳,大专,1-3年,不限,http://company.zhaopin.com/CZ383847380.htm,http://jobs.zhaopin.com/CC383847380J00398848303.htm,医学编辑（西药学方向）,CC383847380J00398848303,765,,1,1, 岗位职责： 1.维护优化现有存储与报表，监控日常数据，发现并能对异常数据进行后续处理。针对新业务新需求能设计与创建可兼容的新存储与表格。 2.结合数据反馈与业务情况，从数据中发现问题，给予业务团队建议；参与各部门日常沟通，包括但不限于业务解答，数据解答，数据分析与修正，需求探讨等，维护与促进本部门的业务开展。 3.熟悉贷后行业最新业务形态与策略，并参与制定符合我司业务实际的策略方案，提升部门的业务整体实力。  任职要求：   1.金融、数理统计或相关理科教育背景，本科及上学历；2年以上数据分析或数据策略经验，消费金融公司、互联网金融企业，P2P行业等尤佳；    2.熟练使用Oracle，Excel，PPT进行数据分析总结，数据与策略汇报。熟悉Python，Hive，SAS，R，SPSS等统计分析软件优先； 
广州巨牛国和资产管理合伙企业(有限合伙),期货操盘手,带薪年假/周末双休/社保/节日福利/全勤奖/绩效奖金/弹性工作/定期团建,CZ891450730,100-499人,8万-15万,广州,大专,不限,民营,http://company.zhaopin.com/CZ891450730.htm,http://jobs.zhaopin.com/CC891450730J00308578302.htm,期货操盘手,CC891450730J00308578302,763,,1,1,工作内容：1、对金融数据进行分析和研究，布局市场操作交易计划；2、收集和分析客户信息、关注客户源源不断的投资需求。3、在公司强大的培训体系下，不断的学习和提高自己的专业技能。4、配合部门对数据进行整理分析，给出操作策略。岗位要求：1、空杯心态，接受免费统一的专业学习培训和模拟训练；2、认同公司的发展理念，愿意与公司共同发展，具有很强的工作责任心和团队合作精神。3、热爱金融行业，有励志于长期发展这个行业的意愿4、严格执行公司交易策略，以稳定交易为主（主要通过执行分析经理交易指令）；薪酬待遇：1、工资：底薪+提成+奖金2、薪资构成：基本保障+高提成+高奖金3、奖金组成：个人奖金+团队奖金4、薪资制度：灵活的周薪制度模式5、其他福利：享有国家重要节假日福利，以及公司及部门举办的定期与不定期的室内活动或户外拓展活动，如：户外拓展、烧烤、爬山、KTV，聚餐等。6、公司活动：国内外旅游、员工生日会、节假日活动等。7、入职培训：职前基础培训，职后专业的业务、技术、管理培训。8、发展空间：公平公开的晋升空间，提供合理的职业规划9、岗位晋升机制：初级分析师―中级分析师―高级分析师―高级管理层上班时间：①周一至周五上午9:30-12:00，下午13:30-17:30 不加班！不加班!不加班！②周末双休、国家法定假期休假。※特别声明：1、请求职人员认真阅读本公司招聘介绍，如本公司职位与您的职业生涯规划相符，欢迎应聘。2、聘用职位性别不限，一经录用，公司将提供免费岗前培训及晋升机会。3、请勿重复投递，以免对您的录用造成不便。4、公司直招，非中介，不收费。联系人：舒小姐面试部门：润丰2部联系电话：18024582164公司地址： 广州市天河区490号壬丰大厦3105
名创优品股份有限公司,商品专员,创业公司/周末双休/五险一金/股票期权/餐补/带薪年假/节日福利/员工旅游,CZ518753630,10000人以上,6千-8千,广州,本科,1-3年,合资,http://company.zhaopin.com/CZ518753630.htm,http://jobs.zhaopin.com/CC518753630J00096769104.htm,商品专员,CC518753630J00096769104,763,,1,1,1. 岗位职责1、1、 根据业务部门的数据需求，建立和优化数据模型，建立数据分析系统；2. 2、负责海量数据的分析处理，提炼有价值的信息，形成产品分析报告 ；3、3. 定期评估数据挖掘模型效果，迭代优化工作;4. 参与大数据平台的建设，将模型研究成果固化为平台上的应用引擎，助力大数据平台的有效应用。 任职要求：1. 本科或以上学历，统计学、应用数学、计算机等相关专业；2. 熟悉机器学习原理与算法、熟悉数据挖掘相关理论和技术；3. 熟悉mysql操作、能熟练运用可视化情报分析软件；4. 具有海量数据分析处理经验，或有互联网行业数据挖掘工作经验者优先。5. 具备优秀的学习能力，善于独立解决问题，具备团队协作精神。
深圳昂楷科技有限公司,研发项目经理,五险一金/绩效奖金/加班补助/带薪年假/弹性工作/员工旅游/节日福利/定期体检,CZ304823910,100-499人,1.8万-2.5万,深圳,本科,3-5年,民营,http://company.zhaopin.com/CZ304823910.htm,http://jobs.zhaopin.com/CC304823915J00354165608.htm,研发项目经理,CC304823915J00354165608,765,,1,1,岗位职责：1、一年以上数据处理经验，具备SAS统计分析技能者优先；2、具有良好的写作能力，规范的文档经验；熟练使用WORD、EXCEL、POWERPOINT等常用办公软件；3、熟悉使用sql语句者优先；4、熟练使用linux命令者优先；5、具有较强的沟通、理解能力，具有清晰准确的语言表达能力；6、工作细致踏实，有责任感。
厦门唐普信息技术有限公司,ETL工程师（银行业务）,试用期全额/五险一金/周末双休,CZ637369980,500-999人,8千-1万,东莞,本科,3-5年,民营,http://company.zhaopin.com/CZ637369980.htm,http://jobs.zhaopin.com/CC637369980J00437629907.htm,ETL工程师（银行业务）,CC637369980J00437629907,779,,1,1,我们正在寻找一位数据分析员，帮助我们使用可用数据中的信息做出更好的决策。您的任务是收集和准备来自多个来源的数据，运行统计分析，并以清晰客观的方式传达您的发现。责任・ 了解业务需求，制定要解决的问题，并限制要探索的数据片。・ 从各种来源收集数据。・ 对要分析的数据主体执行清理、处理和验证，以确保其质量。・ 浏览和可视化数据。・ 执行统计分析和实验，获得业务见解。・ 清楚地传达分析结果，通过报表、仪表板和/或演示文稿将信息转化为可操作的内容。技能・ 具有来自多个来源的数据集成经验。・ 至少精通一种查询语言，尤其是 SQL。・ 具有 NoSQL 数据库（如 MongoDB 和卡桑德拉）的经验。・ 具有流行的统计和机器学习技术经验，如聚类、线性回归、KNN、决策树等。・ 良好的脚本编写技能，需要python。・ 熟练使用至少一个数据可视化工具，如 Matplotlib、绘图、D3.js、ggplot 等。・ 体验 BI 工具（如 Tableau 和 Power BI）。・ 出色的沟通能力。
名创优品股份有限公司,商品专员,创业公司/周末双休/五险一金/股票期权/餐补/带薪年假/节日福利/员工旅游,CZ518753630,10000人以上,6千-8千,广州,本科,1-3年,合资,http://company.zhaopin.com/CZ518753630.htm,http://jobs.zhaopin.com/CC518753630J00096769104.htm,商品专员,CC518753630J00096769104,763,,1,1,岗位职责：（核心目标：通过店铺后台的数据，分析出店铺的弱点、优点、与竞争对手的数据对比） 1、负责淘宝、天猫、京东、1号店销售数据统计； 2、针对推广方案，进行数据分析、挖掘，为推广方案达到计划目标效果提供数据支撑； 3、建立客户、产品的分析模型，提出产品、业务改善建议；用相关工具进行数据提取，分析顾客及市场特征，提供相应的运营建议，增强用户的黏性； 4、建立运营数据分析模型，针对流量、用户行为等进行监控和统计，提供流量、转化率、流失率等； 5、为网店制定相关数据标准，根据数据决定网店页面布局及宝贝关联，改进进店导流关键流程，提升付费转化率，减少各环节的订单流失； 6、以数据为依托制定精准营销流程规范，对线上营销（包括钻展、直通车、淘宝客）进行数据分析和评估，提供数据报表和改善建议，提升营销效果； 7、对竞争对手的产品及同类新产品进行定期数据监控，并形成对产品改进的有效建议； 8、定期进行数据分析报告撰写及数据汇报工作。9、完成上司交办的其它临时工作。岗位要求： 1、统计学、电子商务、数据挖掘、数学、市场营销、计算机（符合一条即可）等相关专业大专以上学历 2、熟悉数据库营销的推广手段，有相关工作经验优先； 3、优秀的数据分析能力和业务学习能力，善于从海量数据中总结规律；敏锐的观察力，及时根据数据发现问题； 4、具备良好沟通协调能力、性格开朗，做事认真踏实，工作态度好，应变能力强，善于团队协作。 5、熟悉淘宝相关的数据产品，精通淘宝递阶转化率相关指标及提升方法； 6、天猫/淘宝数据分析师经验1年以上；
广州厚森工艺品有限公司,产品开发专员,员工旅游/节日福利/带薪年假/全勤奖/绩效奖金/五险一金/包住/包吃,CZ730967090,100-499人,5千-8千,广州,大专,1-3年,民营,http://company.zhaopin.com/CZ730967090.htm,http://jobs.zhaopin.com/CZ730967090J00196356306.htm,产品开发专员,CZ730967090J00196356306,763,,1,1,工作职责 1、决策支持。通过处理运营需求或报表开发为公司各业务部门提供快速准确的数据分析与运营监控、支撑业务快速启动发展并应对需要迅速响应的业务场景。  2、业务分析。可根据个人意愿去业务部门内部深入学习和了解相关的业务板块，完成业务分析报告并提出在数据上可推动业务发展的机会点和建议，并在部门内完成业务知识的分享。  3、信用卡以及消费信贷业务的基础数据建设。包含维护数据质量，推动整合数据资源等，为公司量化决策管理提供支撑。  4、项目支持。参与团队的运营优化、BI系统建设、营销自动化等项目。        任职资格 1、本科及以上学历，数学、统计、计算机等专业，  2、有数据分析、数据挖掘及模型开发相关经验，精通常用统计分析工具，具备一定的数据处理能力，熟悉SAS、SQL、Python者优先；  3、熟悉消费信贷或信用卡业务、数据及流程者优先；     4、学习能力较强，能快速掌握新的技术，以及理解复杂的业务场景；  5、沟通能力良好，能较好地进行部门内和跨部门的沟通，推动完成复杂工作。
广州厚森工艺品有限公司,产品开发专员,员工旅游/节日福利/带薪年假/全勤奖/绩效奖金/五险一金/包住/包吃,CZ730967090,100-499人,5千-8千,广州,大专,1-3年,民营,http://company.zhaopin.com/CZ730967090.htm,http://jobs.zhaopin.com/CZ730967090J00196356306.htm,产品开发专员,CZ730967090J00196356306,763,,1,1,岗位职责： 1、负责公司产品/及数据分析支持工作； 2、协助或独立撰写数据分析系统方案； 任职要求： 1、本科，研究生以上学历； 2、能探知用户需求并形成文字，具备良好的表达能力； 3、具有出色的表达沟通能力和售前讲解能力，思维敏捷，能灵活应变； 4、有责任心，适合不定期出差，对人热情，形象佳，普通话标准。
东方微银科技(北京)有限公司深圳分公司,高级模型分析师,五险一金/餐补/通讯补助/带薪年假/定期体检/节日福利/周末双休/全额公积金,CZ512725480,100-499人,9千-1.5万,深圳,本科,1-3年,民营,http://company.zhaopin.com/CZ512725480.htm,http://jobs.zhaopin.com/CC512725480J00289654205.htm,高级模型分析师,CC512725480J00289654205,765,罗湖区,1,1,岗位职责:1、商业嗅觉灵敏同时善于沟通，能够深入了解业务挖掘业务问题和痛点，通过商业分析为公司运营决策、产品规划、运营规划提供数据支持；2、针对运营问题进行深度诊断，发现业务运营问题与机会点，辅助制定运营策略，提升运营效率；3、通过大数据挖掘用户群体行为和属性特征，发掘用户价值；4、整合运营数据分析与应用需求，设计运营相关数据产品。 任职资格:1、3年以上数据分析工作经历，统计、数学、信息技术、生物统计、金融工程本科以上学历；2、良好的商业逻辑分析能力，敏锐的商业嗅觉， 具备零售行业分析经验者优先；3、丰富的项目的经验，有丰富的跨团队、部门的项目资源整合能力；4、熟悉数据库技术，丰富的数据分析经验，熟练运用各种数据软件及工具
中山粤疆图网络科技有限公司,运营部数据分析岗,节日福利/绩效奖金/交通补助/通讯补助/带薪年假/社保/全勤奖/餐补,CZ385378530,100-499人,4千-6千,中山,本科,1-3年,其它,http://company.zhaopin.com/CZ385378530.htm,http://jobs.zhaopin.com/CC385378539J00320692006.htm,运营部数据分析岗,CC385378539J00320692006,780,,1,1,岗位职责：1. 收集行业、产品数据及最新资讯，并对数据进行整理、分析、汇总；2. 利用数据软件对数据分析，撰写数据分析报表；3. 针对分析结果，提出改善建议、方案。任职要求：1.本科学历，数学、经济学、统计学、会计学相关专业，具备统计基本知识；2.英文读写能力良好，工作细心（男女不限）；3.掌握统计相关软件：如Minitab，SAS，SPSS；4.非统计学专业毕业者，具备互联网数据分析相关经验优先考虑。
京东物流华南区域分公司,质控主管/数据分析主管（南宁）,五险一金/年底双薪/餐补/房补,CZ192921310D00101132508,1000-9999人,6千-8千,南宁,大专,3-5年,外商独资,http://company.zhaopin.com/CZ192921310D00101132508.htm,http://jobs.zhaopin.com/CC192921312J00149678615.htm,质控主管/数据分析主管（南宁）,CC192921312J00149678615,785,江南区,1,1,"岗位工作内容：1、视频整体数据业务的规划和落地工作。2、分析业务方数据需求进行统计分析。3、跟踪公司产品发展，监控重点数据，能从数据异动中主动发现问题，结合对业务的深入理解,分析和探索解决方向和方法。4、参与数据产品的研发，与分析师、业务方紧密合作，挖掘数据的商业价值,丰富产品形态。人员要求：1、专科及以上学历，统计学、应用数学、计算机相关专业。2、做事细心踏实，具备高度的工作责任心、抗压性，有吃苦耐劳的工作心态。4、熟悉整体项目实现过程，包括从业务调研、需求分析到产品发布。5、熟悉底层数据的架构技术以及应用层数据分析和算法的基本概念，能够运用数据作为产品解决业务方运营及决策问题。6、有流量分析系统、经营分析系统建设经验者优先考虑。E-mail：******************"
南京擎盾信息科技有限公司,舆情分析师,五险一金/年底双薪/加班补助/节日福利,CZ305934710,100-499人,4千-6千,南宁,大专,1-3年,民营,http://special.zhaopin.com/pagepublish/30593471/index.html,http://jobs.zhaopin.com/CC305934717J00245397108.htm,舆情分析师,CC305934717J00245397108,785,,1,1, 岗位职责要求  1、 负责项目的需求调研、数据分析、商业分析和数据挖掘模型等，构建业务数据分析体系，帮助确定各项业务数据指标；  2、 参与数据挖掘模型的构建、维护、部署和评估；  3、 负责构建用户数据模型，挖掘用户属性及用户喜好等需求，为个性化产品推荐提供支持；  4、 通过数据分析支持产品改进及新模式的探索；  5、 负责通过海量数据的挖掘和分析，给用户提供分析报告；  任职要求  1、 统计学、应用数学、计算机等相关专业，本科及以上学历；  2、 熟练掌握多种统计和挖掘方法，熟练使用SPSS、SAS等相关数据分析软件；  3、 熟练使用Oracle、MySql数据库，能够书写复杂的SQL语句及存储过程。  4、 能够熟练使用主流的数据处理工具Kettle等。  5、 较强的数据敏感度，逻辑分析能力和文档写作能力；  6、 有责任心，良好的沟通能力和组织管理能力以及心理承受能力，勇于接受挑战；  7、 具有一定的财务、审计分析能力；  8、 有资金分析相关经验优先。
广西衫磊资产管理有限公司,市场专员双休,全勤奖/周末双休,CZ534758430,20人以下,2千-4千,南宁,大专,无经验,民营,http://company.zhaopin.com/CZ534758430.htm,http://jobs.zhaopin.com/CC534758430J00301666904.htm,市场专员双休,CC534758430J00301666904,785,青秀区,1,1, 岗位职责： 1、熟练运用多种分析手段和方法（如海量数据分析和挖掘手段、资料收集&分析、行业研究、竞争分析等），对公司业务经营、消费者行为等数据进行梳理、分析并挖掘有效信息，构建用户画像为重大决策提供数据支持和专项研究报告； 2、搭建准确反映业务运作健康状况的数据指标体系，完善相关制度； 3、对公司数据平台进行管理。  任职要求： 1、大专以上学历，统计学或软件工程相关专业，2年以上数据分析相关经验； 2、熟练使用SQL语言，具备良好的数据分析及处理能力，能熟练掌握数理统计分析软件； 3、吃苦耐劳，逻辑清晰，有敏锐的市场洞察力，对数据敏感，能通过市场调查挖掘数据，独立编写数据分析报告。 4、能熟练运用Word、 Excel、 Powerpoint等办公软件。  工作制：周休1天  ★※薪酬福利※★ ★每年1-2次调薪机会+七险二金（社保、意外险、重疾险、公积金、孝顺金）+各类补贴+工龄工资+年终奖+团建旅游+公司自由休闲体验中心等等等~ ★机遇和挑战是并存的，学历和经验不再是首要录取你的唯一标准，如果你是一个脑洞大、善沟通、有新思维、有事业企图心的热血青年，“轩妈”欢迎你加入！
江苏盈达信息技术有限公司,中高级数据工程师,五险一金/餐补/补充医疗保险/定期体检/带薪年假,CZ562236930,100-499人,9千-1.5万,南宁,大专,3-5年,民营,http://company.zhaopin.com/CC562236931.htm,http://jobs.zhaopin.com/CC562236931J00317804906.htm,中高级数据工程师,CC562236931J00317804906,785,良庆区,1,1, 技能要求： MySQL   岗位职责要求        1、 负责项目的需求调研、数据分析、商业分析和数据挖掘模型等，构建业务数据分析体系，帮助确定各项业务数据指标；        2、 参与数据挖掘模型的构建、维护、部署和评估；        3、 负责构建用户数据模型，挖掘用户属性及用户喜好等需求，为个性化产品推荐提供支持；        4、 通过数据分析支持产品改进及新模式的探索；        5、 负责通过海量数据的挖掘和分析，给用户提供分析报告；        任职要求        1、 统计学、应用数学、计算机等相关专业，本科及以上学历；        2、 熟练掌握多种统计和挖掘方法，熟练使用SPSS、SAS等相关数据分析软件；        3、 熟练使用Oracle、MySql数据库，能够书写复杂的SQL语句及存储过程。        4、 能够熟练使用主流的数据处理工具Kettle等。        5、 较强的数据敏感度，逻辑分析能力和文档写作能力；        6、 有责任心，良好的沟通能力和组织管理能力以及心理承受能力，勇于接受挑战；        7、 具有一定的财务、审计分析能力； 
,,,,,,,,,,,,,,,,,,"职责描述：1. 为饿了么业务建立完整、科学的业务指标监控、日周月报体系； 2. 基于饿了么内外部的数据剖析问题、发现机会，并提出有落地可能性的商业策略建议或解决方案； 3. 从用户、商品、商户、营销、竞争等角度开展分析工作，并建立对应主题的决策、管理体系； 4. 为数据工程、产品技术团队发现、孵化算法、产品类项目，并参与项目的共同推进。任职要求：1. 本科及以上学历，5年相关工作经历； 2. 有竞争情报、管理咨询、商业分析经验者优先； 3. 熟悉数据库基本原理和结构，能熟练运用SQL（懂SAS,R,Python等语言的更佳），独立且高效地完成数据的提取及分析； 4. 有丰富的数据清洗、分析、挖掘的经验，有数仓搭建或互联网数据产品经验的优先；并熟悉常用的数据挖掘方法论； 5. 良好的数据敏感度，能从海量数据提炼核心结果，并用简洁而清晰的方式呈现数据分析背后的商业逻辑和相关洞见；有出色的结构化思维能力； 6. 有良好的跨团队、部门沟通及资源整合能力，能够独立开展研究项目； 7. 较强的抗压能力，能在迅速变化的商业环境和动态的业务需求中，抓住重点并交出有质量的产出。"
贵阳高登世德金融科技有限公司,数据库研发工程师（贵阳）,五险一金/绩效奖金/加班补助/带薪年假/节日福利/周末双休,CZ303394230,100-499人,6千-1万,贵阳,本科,3-5年,民营,http://company.zhaopin.com/CZ303394230.htm,http://jobs.zhaopin.com/CC303394234J00216393208.htm,数据库研发工程师（贵阳）,CC303394234J00216393208,822,,1,1, 岗位职责： 1.有舆情监测岗位相关经验； 2.全面负责互联网舆情监测平台内信息人工监测、筛选工作，选定客户关注的有效信息； 3.及时将有效信息通过客户指定的方式传送给客户；    任职要求：  1.大专以上学历，专业不限； 2.具备良好的沟通能力、团队协作能力； 3.能熟练使用WORD、EXCEL、PPT等办公软件； 4.须服从公司调配完成派驻工作，即在客户单位办公。 5.应客户要求及我司服务的客户类型，入职须签订“保密协议”与“竞业禁止协议”，并承担相关法律责任。
贵州华信智原科技有限公司,急聘大数据分析师讲师,周末双休/五险一金/年底双薪/餐补/交通补助/员工旅游/高温补贴/通讯补助,CZ311002730,500-999人,8千-1万,贵阳,大专,1-3年,上市公司,http://company.zhaopin.com/CZ311002730.htm,http://jobs.zhaopin.com/CC311002732J00331093902.htm,急聘大数据分析师讲师,CC311002732J00331093902,822,,1,1,岗位职责：1、负责城市维度的核心运营数据监控及预警，对于异常问题进行分析及反馈；2、负责城市维度专题分析，包含用户分析，商户运营分析，物流分析，经营分析等，发掘运营改善优化点，给出策略改进建议，协助DM推进改进；3、对接DM/CM协助制定城市运营策略，项目数据跟进及数据需求。 任职要求：1、计算机相关、数学/统计学、信息技术，社会科学等与数理统计、应用统计、计算编程相关的专业本科及以上学历，2、有互联网相关经验优先、咨询相关行业数据分析3年以上工作经历；3、熟练掌握hive、SQL等相关数据提取工具，熟练操作excel、PPT等工具；4、优秀的商业分析思维，善于思辨，敢于决断；能够针对某项业务，完成分析课题； 5、优秀的沟通能力，强大的自驱力和抗压力。
贵州云之享科技有限公司,数据分析师（代招）,五险一金/带薪年假/包吃/节日福利/双休/法定假日休息,CZ815951340,20-99人,6千-1万,贵阳,本科,3-5年,民营,http://company.zhaopin.com/CZ815951340.htm,http://jobs.zhaopin.com/CZ815951340J00255345807.htm,数据分析师（代招）,CZ815951340J00255345807,822,花溪区,1,1,  工作职责:  1、负责相关课程教学工作，按进度完成教学任务；  2、参与大数据课程研发和后期优化；  3、参与完成教学相关的文档编写工作（教学课件，教案文档等）；  4、参与学术交流与研讨，不断提升业务水平；  5、完成上级安排的其他与教学相关的工作；  6、研究新技术，参与课程大纲的研发；  7、负责回答学生的问题，以及远程帮助学生解决问题。  岗位要求：  1、两年以上大数据开发/数据存储/数据平台/分析挖掘相关经验；  2、有知名企业工作经验的优先，具备大数据授课经验者优先；  3、熟悉Linux操作系统，掌握Shell/Python/Perl至少一种脚本语言，具备分布式程序设计的技术能力；  4、熟悉主流大数据处理架构和相关技术，熟练应用Hadoop、Spark等平台，Hive、Pig、Storm、Zookeeper相关组件和开源系统；  5、精通SQL语言，熟悉MySQL、Oracle等关系型数据库；Redis、MongoDB、HBase等NOSQL数据库；精通数据仓库技术，熟练使用常用的ETL工具，熟悉Lucene、ElasticSearch、Solr、Nutch等检索技术；  6、熟练掌握大数据处理、分析常用算法，有数据分析和建模经验；熟练使用MatLib和R语言等工具。   薪酬福利：   1、底薪+高课时费+其他奖金+广阔的发展平台；   2、入职即购买五险一金；   3、节日福利、下午茶等日常福利；   4、部门活动经费、结婚礼金、生日福利等公司专项福利；   5、婚假、产假、带薪年假等各类法定有薪假期；   6、优美温馨的办公环境、轻松和睦的氛围。  
贵州盛洋云笙科技有限公司,外汇经纪商,全勤奖/五险一金/不加班/定期团建/节日福利/公司重点项目,CZ888740950,20人以下,5千-8千,贵阳,学历不限,不限,民营,http://company.zhaopin.com/CZ888740950.htm,http://jobs.zhaopin.com/CC888740950J00350920808.htm,外汇经纪商,CC888740950J00350920808,822,,1,1,1、大专及以上学历，计算机，统计，财务，金融等相关专业，有相关工作经验或条件优秀者优先。 2、对数字敏感，有意在技术岗位或大数据分析岗位长期发展的优先考虑。 3、有自己独立的逻辑思考能力，对数据分析有独到的见解，敢于接受挑战，善于突破自己。4、有一定的学习能力，自信开朗，能够快速适应环境及接受新鲜事物。5、本岗位无销售性质，不涉及销售内容及推广工作。岗位职责：  1、通过大数据的统筹与运用，完善各类指标分析体系，制定及实施分析方案，并对分析报告进行管理与执行。2、辅助公司进行各项指标分析体系的驱动及研发。3、能熟练灵活使用办公软件。 4、善于提出自己合理的见解，并能与团队长达成共识，不断提升自己的分析策略。 6、认同公司运营理念，完成公司领导交办的其他工作任务。 
贵州华信智原科技有限公司,急聘大数据分析师讲师,周末双休/五险一金/年底双薪/餐补/交通补助/员工旅游/高温补贴/通讯补助,CZ311002730,500-999人,8千-1万,贵阳,大专,1-3年,上市公司,http://company.zhaopin.com/CZ311002730.htm,http://jobs.zhaopin.com/CC311002732J00331093902.htm,急聘大数据分析师讲师,CC311002732J00331093902,822,,1,1,主要职责：1、负责公司核心经营指标的管理工作，分析运营核心指标，为运营提供数据支撑和决策建议。2、负责经营管理数据的统计分析工作，负责日常数据处理分析，按周期输出日周月报表和分析报告；3、构建公司数据分析体系，对运营数据进行整理、收集、建模等；4、监控各项指标数据的完成情况，对异常数据或薄弱环节进行原因分析，为产品和运营做预警，给出改善意见。任职资格:1.统招本科及以上学历；2.熟练使用office系列办公软件，熟悉Excel常用函数及数据透视表，会使用PowerBI进行数据分析，会使用Python、R其中任一项者优先；3.两年及以上相关工作经验，有互联网数据分析工作经验者优先；4.对数据敏感，具备良好的逻辑分析能力和系统性思维能力；5.较强的学习能力、良好的语言表达能力和执行力，具有优秀的团队合作精神。
深圳市前海创客网龙科技有限公司,股票配资代理经纪人 公司打包,带团队,CZ334475080,20-99人,1.5万-2万,贵阳,大专,1-3年,民营,http://company.zhaopin.com/CC334475082.htm,http://jobs.zhaopin.com/CC334475082J00430721105.htm,股票配资代理经纪人 公司打包,CC334475082J00430721105,822,,1,1,技能要求： 行业分析，数据分析 岗位要求： 1、大专及以上学历，计算机，统计，财务，金融等相关专业，有相关工作经验或条件优秀者优先。 2、对数字敏感，有意在技术岗位或大数据分析岗位长期发展的优先考虑。 3、有自己独立的逻辑思考能力，对数据分析有独到的见解，敢于接受挑战，善于突破自己。 4、有一定的学习能力，自信开朗，能够快速适应环境及接受新鲜事物。 5、本岗位无销售性质，不涉及销售内容及推广工作。 岗位职责： 1、通过大数据的统筹与运用，完善各类指标分析体系，制定及实施分析方案，并对分析报告进行管理与执行。 2、辅助公司进行各项指标分析体系的驱动及研发。 3、能熟练灵活使用办公软件。 4、善于提出自己合理的见解，并能与团队长达成共识，不断提升自己的分析策略。 6、认同公司运营理念，完成公司领导交办的其他工作任务。 薪资:5500+奖金
贵州一树连锁药业有限公司,客服专员,周末双休/五险一金/带薪年假/节日福利/绩效奖金/定期体检,CZ183923720,1000-9999人,3.5千-5千,贵阳,大专,1年以下,股份制企业,http://special.zhaopin.com/pagepublish/iHR18392372/index.html,http://jobs.zhaopin.com/CZ183923720J00320327805.htm,客服专员,CZ183923720J00320327805,822,,1,1,岗位职责:①.作为项目成员独立完成基于数据挖掘/分析的商业咨询项目的部分模块工作。②.参与前期项目调研和项目建议书的撰写。③.发现新客户和现有客户在数据挖掘项目上的新需求。④.独立完成客户的相关培训并辅助项目的实施与执行。⑤.负责根据产品数据需求，搭建各种数据统计模型。任职条件：①.三年以上数据挖掘/分析相关经验，本科以上学历；②.熟练使用SQL/SAS/Base进行数据预处理、数据准备、统计分析等工作；③.敏锐的数据观察和分析能力，具备利用数据分析解决商业、市场营销、风险问题的能力；④.具备一定的市场营销、客户关系管理相关知识；⑤.工作认真、细致、踏实；⑥.有移动通讯行业背景者优先。
中联创展信息技术股份有限公司,数据分析师（交通方向）,加班补助/包吃/员工旅游/节日福利/定期体检/年终分红/周末双休/五险,CZ240723280,20-99人,4千-6千,黔西南,本科,1-3年,股份制企业,http://company.zhaopin.com/CZ240723280.htm,http://jobs.zhaopin.com/CC240723286J00388084501.htm,数据分析师（交通方向）,CC240723286J00388084501,827,,1,1,招聘要求：1、熟悉使用SQL语言，熟练掌握Excel、SAS、SPSS、R等任一数据分析工具：2、能独立通过数据平台采集、加工、处理、输出数据报表，并独立完成中型以上分析报告的撰写；3、能基于数据进行深度分析、辅助、同步负责交通方向业务的数据挖掘与提升；4、具备团队合作意识，配合公司各部门数据方面支撑工作；5、具备敏感的数据洞察能力，能够通过数据观察出城市交通运营存在的问题，进行方案输出、路口优化、项目推动与跟进和反馈；6、具备较强的沟通能力、清晰的表达能力、自我驱动的学习能力、优秀的独立思考能力，以及良好团队合作意识，配合公司各部门数据方面支撑工作；7、本科及以上学历理工科专业，信息工程、计算机科学、统计学专业；具有IT行业一年以上工作经验，数据分析、BI等相关经验优先。
贵州百旺金赋科技有限公司,急聘-JAVA工程师-双休,周末双休/五险一金/全勤奖/通讯补助/带薪年假/节日福利/定期体检,CZ254000480,100-499人,8千-1.2万,贵阳,大专,1-3年,民营,http://company.zhaopin.com/CZ254000480.htm,http://jobs.zhaopin.com/CC254000484J00465887901.htm,急聘-JAVA工程师-双休,CC254000484J00465887901,822,,1,1,职位描述 1.根据项目的要求和进度进行项目所需数据的逻辑核验及2.负责项目实习生的管理及相关文档的书写3.负责对系统进行功能测试和数据测试 4.负责使用系统对各项目进行相关数据计算，测试与核对5.负责编写各项目的数据报告与数据测试 职位要求：1.工作耐心细致，积极主动，责任心强、踏实； 2.有较强的数学功底和较强的逻辑分析和归纳能力 3.熟练使用EXCEL4.熟悉SQL语言并拥有简单的编程基础 加分项 有相关事务性工作经历
贵阳高登世德金融科技有限公司,数据库研发工程师（贵阳）,五险一金/绩效奖金/加班补助/带薪年假/节日福利/周末双休,CZ303394230,100-499人,6千-1万,贵阳,本科,3-5年,民营,http://company.zhaopin.com/CZ303394230.htm,http://jobs.zhaopin.com/CC303394234J00216393208.htm,数据库研发工程师（贵阳）,CC303394234J00216393208,822,,1,1,岗位职责：  1、搜集行业相关信息，为相关需求方提供更准确的数据信息；  2、协助部门经理完善部门管理制度；  3、对基本面、技术面进行分析研究，给出走势分析和判断，撰写研究报告上交公司；  4、分析走势，为相关部门提供有价值的信息； 岗位要求：  1、计算机、统计学、数学相关专业本科以上学历；  2、两年以上数据挖掘相关工作经验，与销售运营、销售数据分析或业务管理等相关经验者优先考虑；  3、熟悉常用数据分析工具，掌握sql语言、BI工具和Python分析；  4、较强的组织、协调、沟通、人际交往能力以及敏锐的洞察力；  5、责任心强，能承受较强的工作压力，具有很强的判断与决策能力，计划和执行能力及解决复杂问题的能力，能独立或支持团队完成数据分析工作；
中联创展信息技术股份有限公司,数据分析师（交通方向）,加班补助/包吃/员工旅游/节日福利/定期体检/年终分红/周末双休/五险,CZ240723280,20-99人,4千-6千,黔西南,本科,1-3年,股份制企业,http://company.zhaopin.com/CZ240723280.htm,http://jobs.zhaopin.com/CC240723286J00388084601.htm,数据分析师（交通方向）,CC240723286J00388084601,827,兴义市,1,1,招聘要求：1、熟悉使用SQL语言，熟练掌握Excel、SAS、SPSS、R等任一数据分析工具：2、能独立通过数据平台采集、加工、处理、输出数据报表，并独立完成中型以上分析报告的撰写；3、能基于数据进行深度分析、辅助、同步负责交通方向业务的数据挖掘与提升；4、具备团队合作意识，配合公司各部门数据方面支撑工作；5、具备敏感的数据洞察能力，能够通过数据观察出城市交通运营存在的问题，进行方案输出、路口优化、项目推动与跟进和反馈；6、具备较强的沟通能力、清晰的表达能力、自我驱动的学习能力、优秀的独立思考能力，以及良好团队合作意识，配合公司各部门数据方面支撑工作；7、本科及以上学历理工科专业，信息工程、计算机科学、统计学专业；具有IT行业一年以上工作经验，数据分析、BI等相关经验优先。
贵州华信智原科技有限公司,急聘大数据分析师讲师,周末双休/五险一金/年底双薪/餐补/交通补助/员工旅游/高温补贴/通讯补助,CZ311002730,500-999人,8千-1万,贵阳,大专,1-3年,上市公司,http://company.zhaopin.com/CZ311002730.htm,http://jobs.zhaopin.com/CC311002732J00331093902.htm,急聘大数据分析师讲师,CC311002732J00331093902,822,,1,1,岗位职责：1、根据相关业务和行业背景，负责数据收集整理，对多种数据源进行深度分析、设计、开发、评估模型，做出有效的分析报告；2、负责海量样本数据的提取、分析、挖掘和总结；3、制定数据分析与监控策略，对数据进行跟踪监测，分析提炼数据应用价值点；.4、与大数据技术人员配合，将相关分析方法，进行技术实现；5、协助大数据应用相关的数据分析挖掘方案设计，完成方案设计报告。任职资格：1、本科及以上学历，统计学、概率论与数理统计、应用数学、计算机科学与技术等相关专业、交叉学科优先；2、熟悉多种数据源深度诊断性组合分析、挖掘和建模、数据分析、数据挖掘以及常用算法；3、熟练掌握R、SPSS、SAS、SQL等常用分析工具及相关编程语言；4、熟练掌握Pyhton、Hadoop等；5、具备一定的报告撰写能力，思维逻辑清晰，能从数据中提炼核心结果，并能形成有力的数据结果报告；6、对数据敏感，具备良好的逻辑分析能力和系统性思维能力，优秀的数据思维和强烈的数据决策意识，且思维缜密，做事认真严谨。7、具备统计分析基本知识，至少从事过1个以上数据分析项目。8、优秀的执行能力、沟通协调能力，强烈的责任心和正直严谨的工作态度。备注：此岗位为我司代兄弟公司贵州国卫信安科技有限公司招聘，面试及工作地点为贵州省贵阳市花溪区黄河路443号开发大厦3层315室。
贵州华信智原科技有限公司,急聘大数据分析师讲师,周末双休/五险一金/年底双薪/餐补/交通补助/员工旅游/高温补贴/通讯补助,CZ311002730,500-999人,8千-1万,贵阳,大专,1-3年,上市公司,http://company.zhaopin.com/CZ311002730.htm,http://jobs.zhaopin.com/CC311002732J00331093902.htm,急聘大数据分析师讲师,CC311002732J00331093902,822,,1,1,"职位描述：对摩都商城数据进行实施监测，提供数据分析结果为运营提供商业策略分析和业务优化建议；任职资格：1、统计、营销财会或计算机相关专业，本科以上学历；2、1-2年工作经验，有数据统计或市场研究行业经验优先；3、熟练掌握Excel和PPT，例如：Excel pivot, 熟练其他统计软件优先；4、学习能力强，接受新事物快，责任心强，能够承受压力；5、沟通力强，以结果为导向，积极主动，具备较强的团队合作精神。薪酬福利：优于同行业工资+六险+带薪年假+节日福利+年终奖+宿舍+食堂+交通车。工作地址：双龙航空港经济区中铁国际生态城“中铁百分之一摩都。"
贵州中黔金融资产交易中心有限公司,理财经理,交通补助/餐补/绩效奖金/五险一金/定期体检/通讯补助/带薪年假/免费停车,CZ621937320,20-99人,1万-1.5万,贵阳,本科,3-5年,股份制企业,http://special.zhaopin.com/2016/hjzx/11003/gzzq052710,http://jobs.zhaopin.com/CC621937327J00251626605.htm,理财经理,CC621937327J00251626605,822,,1,1,"职位信息我们是具有国际性金融集团为背景的多元化企业，我们是贵州地区金融类人工智能软件行业的领航者。因中国贵州分公司的正式成立，为了更好的发展和壮大公司规模，我们急需新的小伙伴加入。从事计算机信息科技、网络科技、计算机科技专业领域内技术开发、技术转让、技术咨询、技术服务，商务信息咨询。拥有雄厚的资金及专业的团队，主要经营金融投资咨询等服务。自公司成立以来，一直秉承“客户至上，诚信为本”的经营理念，在行业内稳扎稳打、稳健经营，坚持以客户至上的企业发展战略，不断为客户创造财富价值。专业、专注、规范操作让岙舟赢得了客户的高度信赖，并获得了业界的广泛关注和大力支持。岗位职责：1、负责公司产品的销售及推广；2、客户资料的整理，市场信息的收集；3、通过线上线下渠道,收集市场信息,为市场策略的制定提供依据；4、根据公司制定的销售目标，配合团队完成销售任务；5、定期对客户进行售后维护与服务，维系客户满意度。岗位要求：1、20-30周岁，学历不限，有无经验亦可，男女不限；2、热爱金融销售工作，刻苦勤奋，富有开拓精神和良好的团队合作意识；3、愿意从事销售并懂得销售技巧，能与客户建立良好的关系；4、诚实守信及良好的团队合作精神，迎接挑战的信心和对工作的激情；具备良好的自我时间管理能力福利：1、薪资5千~8千+周/月高额奖金+提成；2、各项福利待遇优厚；3、带薪国内、外旅游，带薪年假等；4、完善的培训体系，健全的员工晋升通路；5、宽广的就业平台，更多的晋升机会和个人发展空间；"
年华数据科技有限公司,数据支撑工程师,五险一金/年底双薪/定期体检/带薪年假,CZ335308710,100-499人,3千-4千,毕节,本科,不限,民营,http://company.zhaopin.com/CZ335308710.htm,http://jobs.zhaopin.com/CZ335308710J00076499002.htm,数据支撑工程师,CZ335308710J00076499002,828,,1,1,岗位职责：1、对用户数据进行分析与总结，发现数据和业务背后的规律，完成对数据的建模；2、进行日常数据的分析监控，发现疑似作弊情况加以分析总结。 任职要求：1、本科或以上学历，统计、数学或计算机等相关专业，具有扎实的统计和机器学习知识；2、两年及以上海量数据挖掘和数据分析经验，能独立构建模型，完成数据分析等工作；3、熟练使用R/Matlab/Mahout；4、对数据敏感，具有良好的逻辑思维能力，主动性强。
厦门纵横集团股份有限公司,数据分析师,节日福利/五险一金/带薪年假/高温补贴/周末双休/交通补助/通讯补助/定期体检,CZ120172340,1000-9999人,1万-1.5万,海口,大专,1-3年,股份制企业,http://company.zhaopin.com/CC120172348.htm,http://jobs.zhaopin.com/CC120172348J00393522203.htm,数据分析师,CC120172348J00393522203,799,,1,1,岗位职责：1、深入政务服务、社会治理、营商环境等相关领域的核心业务，理解业务运作逻辑，利用数据分析手段，发现业务瓶颈并提出优化建议；2、以业务需求导向提出数据清洗、数据治理的具体规则和要求，并指导数据治理工作开展；3、阶段性数据分析成果汇报，并编制优秀的数据分析报告；4、参与数据分析成果的可视化展示工作，包括逻辑设计、内容组织等，确保数据价值体现；5、积极处理项目或领导安排的其它工作，并能快速有效的完成。任职要求：1、数学、统计学、计算机、运筹学等相关专业，本科及以上学历，3年以上工作经历；2、熟悉 SAS、SPSS、python、R等至少一种相关分析软件，掌握数理统计和数据分析，掌握回归分析、分类、聚类、关联规则等常用数据统计模型和挖掘技术，并有独立完整的建模实践经验；3、具有用户导向的思维模式和意识，善于跨团队合作，具有大局观；4、逻辑思维严密，有很好的分析能力和报告展示能力，具备业务抽象、分解和标准化的能力5、有政务大数据相关项目经验者优先；拥有高级项目经理证书或PMP证书者优先。
海南富力海洋欢乐世界开发有限公司,景观园林设计师,五险一金/年底双薪/包吃/包住/带薪年假/定期体检/免费班车/节日福利,CZ383370030,100-499人,1万-1.5万,陵水,本科,3-5年,其它,http://company.zhaopin.com/CC383370030.htm,http://jobs.zhaopin.com/CC383370030J00142584704.htm,景观园林设计师,CC383370030J00142584704,10197,,1,1,岗位职责：1、构建公司业务数据分析体系，帮助确定各项业务数据指标； 2、基于平台用户数据，研究和挖掘用户行为，生成用户画像和标签； 3、通过对运营数据的挖掘和分析，形成报告，汇报给决策层，支持数据精细化运营和战略规划； 4、负责规划从产品的行为日志埋点设计到与用户交易数据的打通的数据底层体系，并建立覆盖运营活动、渠道评估、产品优化、到用户整个生命周期的分析体系。任职要求：1、本科及以上学历，数学、数据统计、经济管理等相关专业优先，有互联网、文旅、地产等行业工作经验优先； 2、至少两年以上数据分析或数据运营的工作经验，熟悉常用的机器学习模型和算法，有数据处理分析解读经验； 3、能快速理解业务，发掘业务细节和数据之间的联系； 4、有较强的逻辑思维能力，学习能力强，有较好的沟通能力和团队协作能力，渴望自身成长。
中航证券有限公司,证券投资顾问,五险一金/绩效奖金/全勤奖/餐补/带薪年假/补充医疗保险/定期体检/节日福利,CZ157774010,1000-9999人,8千-1万,海口,本科,5-10年,国企,http://special.zhaopin.com/bj/2010/zhzq120323/index.htm,http://jobs.zhaopin.com/CC157774011J00185814012.htm,证券投资顾问,CC157774011J00185814012,799,美兰区,1,1,岗位描述：1.引导业务部门进行数据分析，制定分析指标，形成数据分析结论； 2.熟悉金融业分析的相关指标体系，有自己的深入见解；3.负责多数据源的整合，并结合各渠道数据进行多维度的数据分析；4.根据数据分析情况撰写分析报告，展示分析效果。 岗位要求：1.计算机、统计学、数学、金融等相关专业本科及以上学历，具有一定的数据分析工作经验；2.年龄23-45周岁，能力突出者可放宽条件；3.精通分布式架构/大数据技术，熟悉HIVE/Hbase/Spark等技术；4.具备建模能力/算法能力/大数据分析能力，至少使用过一种分析软件：SAS、Python、R；5.具有计算机学习经验，并熟悉目前主流算法，或在流式框架中开发过相关应用。 具体薪资：面议
深圳市中电合信科技股份有限公司,数据分析师,五险一金/餐补/交通补助/通讯补助/免费班车/节日福利/年终分红/定期体检,CZ409265230,20-99人,4千-8千,海口,大专,3-5年,合资,http://company.zhaopin.com/CZ409265230.htm,http://jobs.zhaopin.com/CC409265230J00149973710.htm,数据分析师,CC409265230J00149973710,799,,1,1,1、数学或计算机科学本科以上学历；   2、熟悉常用的数据挖掘算法；  3、SPSS或其他相关的数据挖掘、分析工具；    4、数据分析或相关咨询项目（需要有案例证明）；    5、聚类函数等能力；   6、PowerPoint等文案编写软件（必须提供相关文案）；  7、具有电信行业从业经验者优先。  
海南我房旅居集团有限公司,大数据采集与分析专员,五险一金/绩效奖金/员工旅游/带薪年假/定期体检,CZ346596910,1000-9999人,3千-5千,海口,本科,不限,民营,http://company.zhaopin.com/CZ346596910.htm,http://jobs.zhaopin.com/CC346596911J00182358304.htm,大数据采集与分析专员,CC346596911J00182358304,799,,1,1,岗位要求：1. 对各类数据提取与分析需求，进行分析并撰写报告；2. 对汇聚到大数据平台中的多源异构数据进行清洗、加工处理、统计分析；3. 运用Python进行数据建模，并对模型结果进行评估、分析；4. 参与大数据环境下的新技术研究。5. 具备一定程序开发能力，熟悉互联网数据抓取、数据ETL处理技术和工具；6．熟悉数据库管理，有Web前端开发或微信程序开发经验者优先；7.统计学、数学、计算机专业或者从事过相关工作学习能力强即可。
天津大海云科技有限公司北京分公司,数据分析师,五险一金/带薪年假/弹性工作/节日福利/周末双休/大牛带队/公司重点项目,CZ601891620,100-499人,8千-1.5万,石家庄,本科,3-5年,股份制企业,http://company.zhaopin.com/CZ601891620.htm,http://jobs.zhaopin.com/CC601891621J00141706114.htm,数据分析师,CC601891621J00141706114,565,裕华区,1,1,岗位职责1、通过分析/挖掘数据，发现数据特征，提出独特见解；2、能够独立撰写数据分析研究报告，及时发现和分析其中隐含的变化和问题；3、监控相关核心数据，查找并分析数据回收过程中的异常情况；4、探索数据产品化的机会，发挥数据价值；任职要求1、本科及以上学历，有工作经验者优先；2、统计学、应用统计学、数学与应用数学等相关专业；3、逻辑思维清晰，并具有较强的分析能力和文档撰写能力；4、掌握一到两种数据建模语言，熟练使用SPSS/Matlab等统计软件；福利待遇1、基本福利（1）社会保险：养老、生育、工伤、失业、医疗保险（2）假期福利：双休、国家法定节假日、带薪年假、婚假、产假、丧假等（3）年终奖2、专项福利（1）员工活动：年度旅游、下午茶、聚餐、K歌、看电影等活动（2）节日福利：春节、元宵节、中秋节、生日发放礼品（3）晋升机制：为每位员工提供广阔的晋升空间（4）组织培训：不定期的开展业务培训交流活动工作时间9:00-12:00 13:30-17:30 7小时工作制
唐山野厶网络科技有限公司,数字资产量化师,周末双休/带薪年假/全勤奖/节日福利,CZ886677940,20-99人,3千-5千,唐山,本科,1年以下,其它,http://company.zhaopin.com/CZ886677940.htm,http://jobs.zhaopin.com/CC886677940J00181806114.htm,数字资产量化师,CC886677940J00181806114,566,,1,1,  1.年龄：25-45岁，五官端正，性格开朗，善于沟通；  2.为人诚实，具有责任心、上进心，较强的执行力；  3.认真实践入职前的试岗培训；  4.有相关工作经验者、金融相关专业、有金融从业相关证件者优先录取；  5.对金融行业有浓厚兴趣及意愿，致力于把金融行业作为事业发展方向。  岗位职责：  1.搜集行业相关信息，为相关需求者提供更准确的数据信息；  2.协助部门经理完善部门管理制度；  3.定期为公司提供金融二级市场最新趋势；  4.对基本面、技术面进行分析研究，给出走势分析和判断，撰写研究报告上交公司；  5.分析走势，为相关部门提供有价值的信息；  6.丰富市场分析能力，做出每日分析计划，熟练掌握各种分析技术；  7.结合多种数据源进行深度分析和挖掘  晋升空间：  1.公司有广阔的晋升空间，薪资晋升、职位晋升；可纵向、横向晋升；  2.公司会有相关制度上的考核，每季度可进行一次晋升考核；  3.根据个人日常工作表现、学习能力、工作能力、工作态度、执行能力、考勤制度而定；  4.分析能力达到岗位标准时，公司会着重培养管理能力，为其组建团队，培养人才；  5.根据职位的晋升，薪资也会有相应的涨幅，具体要看在公司的表现以及工作能力。
唐山启晟信息科技有限公司,java 见习生,五险一金/通讯补助/弹性工作,CZ235062330,20人以下,1千-2千,唐山,大专,无经验,民营,http://company.zhaopin.com/CC235062336.htm,http://jobs.zhaopin.com/CZ235062330J00094557702.htm,java 见习生,CZ235062330J00094557702,566,,1,1,任职要求：1.年龄：23-45岁，五官端正，性格开朗，善于沟通；2.为人诚实，具有责任心、上进心，较强的执行力；3.认真实践入职前的试岗培训；4.有相关工作经验者、金融相关专业、有金融从业相关证件者优先录取；5.对金融行业有浓厚兴趣及意愿，致力于把金融行业作为事业发展方向。岗位职责：1.搜集行业相关信息，为相关需求者提供更准确的数据信息；2.协助部门经理完善部门管理制度；3.定期为公司提供金融二级市场最新趋势；4.对基本面、技术面进行分析研究，给出走势分析和判断，撰写研究报告上交公司；5.分析走势，为相关部门提供有价值的信息；6.丰富市场分析能力，做出每日分析计划，熟练掌握各种分析技术；7.结合多种数据源进行深度分析和挖掘晋升空间：1.公司有广阔的晋升空间，薪资晋升、职位晋升；可纵向、横向晋升；2.公司会有相关制度上的考核，每季度可进行一次晋升考核；3.根据个人日常工作表现、学习能力、工作能力、工作态度、执行能力、考勤制度而定；4.分析能力达到岗位标准时，公司会着重培养管理能力，为其组建团队，培养人才；5.根据职位的晋升，薪资也会有相应的涨幅，具体要看在公司的表现以及工作能力。
河北钢谷电子商务股份有限公司,生产技术/成本/市场分析师,五险一金/餐补,CZ857282250,100-499人,4千-6千,唐山,大专,1-3年,股份制企业,http://company.zhaopin.com/CZ857282250.htm,http://jobs.zhaopin.com/CC857282250J00181276515.htm,生产技术/成本/市场分析师,CC857282250J00181276515,566,,1,1,任职要求：1.年龄：24-48岁，五官端正，性格开朗，善于沟通；2.为人诚实，具有责任心、上进心，较强的执行力；3.认真实践入职前的试岗培训；4.有相关工作经验者、金融相关专业、有金融从业相关证件者优先录取；5.对金融行业有浓厚兴趣及意愿，致力于把金融行业作为事业发展方向。岗位职责：1.搜集行业相关信息，为相关需求者提供更准确的数据信息；2.协助部门经理完善部门管理制度；3.定期为公司提供金融二级市场最新趋势；4.对基本面、技术面进行分析研究，给出走势分析和判断，撰写研究报告上交公司；5.分析走势，为相关部门提供有价值的信息；6.丰富市场分析能力，做出每日分析计划，熟练掌握各种分析技术；7.结合多种数据源进行深度分析和挖掘晋升空间：1.公司有广阔的晋升空间，薪资晋升、职位晋升；可纵向、横向晋升；2.公司会有相关制度上的考核，每季度可进行一次晋升考核；3.根据个人日常工作表现、学习能力、工作能力、工作态度、执行能力、考勤制度而定；4.分析能力达到岗位标准时，公司会着重培养管理能力，为其组建团队，培养人才；5.根据职位的晋升，薪资也会有相应的涨幅，具体要看在公司的表现以及工作能力。
启德教育集团,留学咨询顾问,五险一金/带薪年假/绩效奖金/年终分红/定期体检/节日福利/员工旅游/出国游,CZ184747420,1000-9999人,6千-8千,唐山,学历不限,1-3年,民营,http://special.zhaopin.com/pagepublish/18474742/index.html,http://jobs.zhaopin.com/CC184747424J00163484315.htm,留学咨询顾问,CC184747424J00163484315,566,路南区,1,1, 1.年龄：25-45岁，五官端正，性格开朗，善于沟通； 2.为人诚实，具有责任心、上进心，较强的执行力； 3.认真实践入职前的试岗培训； 4.有相关工作经验者、金融相关专业、有金融从业相关证件者优先录取； 5.对金融行业有浓厚兴趣及意愿，致力于把金融行业作为事业发展方向。 岗位职责： 1.搜集行业相关信息，为相关需求者提供更准确的数据信息； 2.协助部门经理完善部门管理制度； 3.定期为公司提供金融二级市场最新趋势； 4.对基本面、技术面进行分析研究，给出走势分析和判断，撰写研究报告上交公司； 5.分析走势，为相关部门提供有价值的信息； 6.丰富市场分析能力，做出每日分析计划，熟练掌握各种分析技术； 7.结合多种数据源进行深度分析和挖掘 
河北神h软件科技股份有限公司,数据分析师,五险一金/绩效奖金/包吃/包住/带薪年假/节日福利/免费班车/大牛带队,CZ819899170D00300766939,20-99人,6千-8千,石家庄,本科,1-3年,民营,http://company.zhaopin.com/CZ819899170D00300766939.htm,http://jobs.zhaopin.com/CC819899170J00209774911.htm,数据分析师,CC819899170J00209774911,565,,1,1,专业要求 1、电化学、数学、统计学、计算机相关专业，本科及以上学历； 2、精通SQL、熟悉一个或者多个主流数据分析软件工具（如：MATLAB，R语言、hive、python、SPSS等） 职位描述 1、熟练独立编写数据分析报告，及时发现和分析其中隐含的变化和问题； 2、能够独立解决项目运行过程中遇到的问题； 3、对数据风险点给出风险应对策略。 职位要求 1、良好的数据敏感度，有丰富的数据分析、挖掘、清洗和建模的经验； 2、良好的沟通能力和逻辑思维能力，具备较强的学习能力和文档撰写能力； 3、熟练掌握本领域专业知识，在形成方案时能有效结合应用，对标学习能力强，能举一反
河北神h软件科技股份有限公司,数据工程师,周末双休/五险一金/绩效奖金/包吃/包住/免费班车/节日福利/带薪年假,CZ570701720,100-499人,6千-8千,石家庄,本科,1-3年,其它,http://special.zhaopin.com/pagepublish/57070172/index.html,http://jobs.zhaopin.com/CC570701729J00427682005.htm,数据工程师,CC570701729J00427682005,565,,1,1,专业要求 1、电化学、数学、统计学、计算机相关专业，本科（一本）及以上学历； 2、精通SQL、熟悉一个或者多个主流数据分析软件工具（如：MATLAB，R语言、hive、python、SPSS等） 职位描述 1、熟练独立编写数据分析报告，及时发现和分析其中隐含的变化和问题； 2、能够独立解决项目运行过程中遇到的问题； 3、组织收集和整理项目数据风险点工作。   职位要求 1、良好的数据敏感度，有丰富的数据分析、挖掘、清洗和建模的经验； 2、良好的沟通能力和逻辑思维能力，具备较强的学习能力和文档撰写能力；
天津大海云科技有限公司北京分公司,数据分析师,五险一金/带薪年假/弹性工作/节日福利/周末双休/大牛带队/公司重点项目,CZ601891620,100-499人,8千-1.5万,石家庄,本科,3-5年,股份制企业,http://company.zhaopin.com/CZ601891620.htm,http://jobs.zhaopin.com/CC601891621J00141706114.htm,数据分析师,CC601891621J00141706114,565,裕华区,1,1,【岗位职责】1.负责售前客户提出需求的业务分析、咨询；2.负责客户需求落地解决方案的编写；3.数据分析类项目业务数据分析，利用数据挖掘算法形成业务模型，指导落地；【岗位要求】1.数学、计算机相关专业，统招本科及以上学历，1年及以上相关工作经验；2.熟练掌握各类数据挖掘算法在相关领域应用；3.熟练掌握数据分析工具，如spss、sas、R语言、Python、SQL等；4.善于沟通交流，具备较好职业素养5.具有电力行业数据挖掘经验者优先考虑。【薪资福利】对于人才，我们从不吝啬，不委屈最有价值的你！年终奖金、差旅补贴、五险一金、定期体检、商业保险、双休、法定节假日、带薪年休假、节日礼金、结婚礼金、生育礼金、外培机会等都是基本福利；股票期权、合伙人并不是梦想；生日趴、节日趴、健步走……咖啡、饮料、休闲小食品、图书……乐享生活、快乐工作是我们的宗旨!
河北胜清软件科技有限公司,数据库开发人员,加班补助/周末双休/五险一金/带薪年假/节日福利,CZ342724730,20-99人,3.5千-7千,石家庄,大专,1-3年,民营,http://company.zhaopin.com/CZ342724730.htm,http://jobs.zhaopin.com/CC342724738J00336830302.htm,数据库开发人员,CC342724738J00336830302,565,东开发区,1,1, 数据分析师- 企业内控方向  为企业做内控审计，根据审计工作需要构建数据挖掘模型，并输出方案  任职要求：  任职要求：  1. 具备良好的理解、沟通及表达能力  2、数据敏感  3、熟悉Mysql or SqlServer等主流数据库；  3. 熟悉Excel 使用  4. 方案编撰能力和表达能力；  5. 善于与他人合作，具有良好的团队合作意识、团队协作能力  6. 理科专业的本科及以上学历优先
河北联纵环保科技有限公司,数据分析员,餐补/弹性工作/定期体检/节日福利/住房补贴/每年多次调薪/定期团建,CZL1206432640,20人以下,4千-6千,邯郸,本科,不限,民营,http://company.zhaopin.com/CZL1206432640.htm,http://jobs.zhaopin.com/CCL1206432640J00175431809.htm,数据分析员,CCL1206432640J00175431809,568,,1,1,"岗位职责：(1) 数值预报模式计算及调试，平台功能开发，环境业务数据统计分析；(2) 网格化监测大数据统计分析、排放清单编制和空气质量模型模拟等工作；(3) 为客户提供项目服务过程中的各级别数据分析服务，形成数据分析报告，为客户揭示污染过程成因、污染源与空气质量动态关系以及长期的大气污染治理措施建议；(4) 负责不断完善和创新数据分析架构，不断应用和创新数据分析工具，提升各类数据分析报告质量；(5) 协助持续创新完善售前方案和投标方案，定期整理数据分析需求，配合各部门数据分析功能信息化；任职要求：(1) 大气科学、环境工程、应用数学和计算科学相关学科硕士及以上学历；(2) 3年以上相关领域从业或研究经验，大气科学、污染气象学、数理统计分析等相关专业优先；有大气污染防治、污染物来源解析、空气质量达标等同行业从业经历者经验，通过环保工程师资格考试者优先；(3) 精通相关等办公软件、地图软件，掌握气象、空气质量、高斯模型，具有较强的数据统计分析能力，对空气质量、气象数据等具有统计经验。(4) 掌握Origin和SPSS等数据分析软件及NCL、GrADS、Matlab等专业绘图软件，了解大气环境领域数值预报模式常用数据格式,如NetCDF，grd等，对空气质量数值预报模式如CMAQ、CMAx和WRF中尺度模式较为了解者优先；(5) 思维逻辑能力强，具有良好的数据分析能力和报告撰写能力，有较强的沟通和学习能力，愿意投身于治理城市雾霾的创新事业中。"
唐山贵商实业集团有限公司,董事长助理,,CZ330752680,100-499人,3千-5千,唐山,大专,3-5年,民营,http://company.zhaopin.com/CC330752687.htm,http://jobs.zhaopin.com/330752687250013.htm,董事长助理,CC330752687J90250013000,566,,1,1,任职要求：1.年龄：24-45岁，五官端正，性格开朗，善于沟通；2.为人诚实，具有责任心、上进心，较强的执行力；3.认真实践入职前的试岗培训；4.有相关工作经验者、金融相关专业、有金融从业相关证件者优先录取；5.对金融行业有浓厚兴趣及意愿，致力于把金融行业作为事业发展方向。岗位职责：1.搜集行业相关信息，为相关需求者提供更准确的数据信息；2.协助部门经理完善部门管理制度；3.定期为公司提供金融二级市场最新趋势；4.对基本面、技术面进行分析研究，给出走势分析和判断，撰写研究报告上交公司；5.分析走势，为相关部门提供有价值的信息；6.丰富市场分析能力，做出每日分析计划，熟练掌握各种分析技术；7.结合多种数据源进行深度分析和挖掘晋升空间：1.公司有广阔的晋升空间，薪资晋升、职位晋升；可纵向、横向晋升；2.公司会有相关制度上的考核，每季度可进行一次晋升考核；3.根据个人日常工作表现、学习能力、工作能力、工作态度、执行能力、考勤制度而定；4.分析能力达到岗位标准时，公司会着重培养管理能力，为其组建团队，培养人才；5.根据职位的晋升，薪资也会有相应的涨幅，具体要看在公司的表现以及工作能力。
黑龙江中软佳和科技开发有限公司,ETL工程师,五险一金/年终分红/加班补助/周末双休/定期团建/公司重点项目/餐补/免费停车,CZ453671880,不限,4千-8千,哈尔滨,本科,3-5年,民营,http://company.zhaopin.com/CZ453671880.htm,http://jobs.zhaopin.com/CC453671880J00178599415.htm,ETL工程师,CC453671880J00178599415,622,,1,1, 1.公司实力强：我们开拓了互联网运营的两块蓝海市场，公司从3个人不到一年发展到40人，公司拒绝过多次投资。 2.薪资待遇好：行业领先工资待遇，公司内部工作氛围有趣团结。公司给予销售最好的团队配合跟绩效提成，只为能留住优秀的人员。 3.工作环境好：公司办公环境一流，在群力核心地点写字楼，交通便利。 4.职业发展好：公司提供专业培训，业务培训，都是在一线城市前端企业有管理经验的同事来进行培训，公司大规模发展，岗位空缺多，晋升机会大。 岗位职责： 1、  对门店收集的数据进行梳理，清洗 2、  分析数据，并整理成数据模型，预测顾客消费行为。 3、  根据已有数据进行分析，并为门店销售模式进行改变，多维度拉升店铺。 任职要求 1. 对数据敏感，逻辑严谨，责任心强，工作主动自驱，沟通能力强； 2.对基本的统计理论和常用的统计模型有深入的了解，如统计分布、假设检验、回归模型、分类模型等，有统计建模； 3、能快速理解业务，发掘业务细节和用户行为数据之间的联系； 4、掌握EXCEL与数据库应用； 5、熟熟掌握数据软件的运用； 6、统计、数学等相关专业或受过专业的统计学训练者优先； 7、有金融、电商行业数据分析经验优先考虑。
中原地产代理(深圳)有限公司,市场调研专员,五险一金/年终分红/项目奖金/定期团建/补充医疗保险/员工旅游/带薪年假/定期体检,CZ178645310,1000-9999人,6.5千-8千,哈尔滨,本科,不限,合资,http://company.zhaopin.com/CZ178645310.htm,http://jobs.zhaopin.com/CC178645315J00315516204.htm,市场调研专员,CC178645315J00315516204,622,,1,1,岗位任职要求：1. 熟练掌握SPSS/SAS等常用统计分析工具；2. 熟练掌握R/Python；3. 了解Hadoop/Spark；4. 有一定的统计学基础，了解机器学习基本算法原理及实现；5. 具有统计学或算法的教学/助教经验者优先/有相关项目经验的优先；6. 英语四级及以上；7. 文档编写能力优秀，排版工整美观，良好的沟通能力；8.1年以上数据分析相关工作经验；9.本科及以上学历，计算机、统计学、数学、信息管理等相关专业。
拉扎斯网络科技(上海)有限公司,资深BI分析师,五险一金/补充医疗保险/定期体检/每年多次调薪/节日福利/绩效奖金,CZ439773710,10000人以上,8千-1.5万,哈尔滨,本科,1-3年,外商独资,http://company.zhaopin.com/CZ439773710.htm,http://jobs.zhaopin.com/CC439773719J00331233408.htm,资深BI分析师,CC439773719J00331233408,622,香坊区,1,1,岗位职责要求1、 负责项目的需求调研、数据分析、商业分析和数据挖掘模型等，构建业务数据分析体系，帮助确定各项业务数据指标；2、 参与数据挖掘模型的构建、维护、部署和评估；3、 负责构建用户数据模型，挖掘用户属性及用户喜好等需求，为个性化产品推荐提供支持；4、 通过数据分析支持产品改进及新模式的探索；5、 负责通过海量数据的挖掘和分析，给用户提供分析报告；任职要求1、 统计学、应用数学、计算机等相关专业，本科及以上学历；2、 熟练掌握多种统计和挖掘方法，熟练使用SPSS、SAS等相关数据分析软件；3、 熟练使用Oracle、MySql数据库，能够书写复杂的SQL语句及存储过程。4、 能够熟练使用主流的数据处理工具Kettle等。5、 较强的数据敏感度，逻辑分析能力和文档写作能力；6、 有责任心，良好的沟通能力和组织管理能力以及心理承受能力，勇于接受挑战；7、 具有一定的财务、审计分析能力；8、 有资金分析相关经验优先。
三门峡崤云信息服务股份有限公司,数据库工程师,五险一金/年底双薪/周末双休/弹性工作,CZ540005980,20-99人,8千-1.5万,洛阳,本科,5-10年,国企,http://company.zhaopin.com/CZ540005980.htm,http://jobs.zhaopin.com/CC540005980J00120291210.htm,数据库工程师,CC540005980J00120291210,721,,1,1,1.通过系统的学习大数据采集、清洗、标注、深度报告等人工智能、大数据相关专业知识与技能，向客户提供大数据人工智能的数据服务。2.要求具有基本的计算机实操能力，求工作认真负责、热爱AI大数据行业，吃苦耐劳。3.工作内容：对于简单的数据标注，图片标注，文本标注，语音转写等项目的质检审核，有无经验均可，公司有专业培训。岗位要求：1.年龄18-28岁（男女不限）；2.无经验者、应届生均可。工资：无责任底薪+加班补助+团队奖金+个人奖金公司福利：1.员工内训轻松交流分享、丰富多彩的团队娱乐活动
新乡市磐石网络技术有限公司,数据分析,五险一金/节日福利/通讯补助/房补/每年多次调薪,CZ547561680,100-499人,4千-6千,郑州,本科,不限,不限,http://company.zhaopin.com/CZ547561680.htm,http://jobs.zhaopin.com/CC547561680J00174870614.htm,数据分析,CC547561680J00174870614,719,金水区,1,1,岗位职责：(1) 协助分析师分析项目需求，编制需求说明书和工作方案；(2) 协助分析师进行项目相关资料搜集和研究；(3) 协助分析师进行数据抽取、数据清洗、数据探索、数据建模分析等工作；(4) 协助分析师完成数据分析报告、建模报告、数据报表项目相关文档工作；薪酬待遇1、基本工资3000-6000元＋项目奖励；2、社会保险：根据国家规定，公司为正式员工提供的社会统筹类福利包括：基本养老保险、医疗保险、生育保险、失业保险及工伤保险；3、公积金：公司为正式员工缴纳住房公积金，缴费基数及缴费比例遵照当地社保机构规定；
郑州郑大大数据科技有限公司,java/web/php/.net/android大数据实习生,五险一金/绩效奖金/全勤奖/包住/交通补助/通讯补助/带薪年假/弹性工作,CZ829062750,20-99人,8千-1万,郑州,大专,不限,民营,http://company.zhaopin.com/CZ829062750.htm,http://jobs.zhaopin.com/CC829062750J00202628113.htm,java/web/php/.net/android大数据实习生,CC829062750J00202628113,719,,1,1,"职位信息1, 建立和完善基于证券数据和财经信息的大数据平台，构建完善的数据存储、加工、分析、挖掘及数据产品开发的基础数据系统；2、充分运用大数据分析及建模的方法，了解用户的需求及行为模式，提升用户满意度、活跃度、转化率、留存率，促进用户增长，发现与改进公司产品及业务流程中的问题，促进公司业务的发展，为公司的商业决策提供依据；3、 BI系统建设：对用户进行精细化分析，设计用户数据模型，以产生实时与批量用户画像；4、主导开发相关的数据产品。 任职要求: 1、应用数学和应用统计学专业优先录取；2、从事证券金融相关行业优先录取；3、有2年以上Django/Flask/Spring Boot/Spring MVC项目经验；4、熟练Python/Java、SQL、Shell语言，掌握Django、DRF、Flask等开发框架，Spring/MyBatis技术体系；5、熟练操作常用数据库（Mysql、Mongodb、Redis），熟悉Html，CSS，JavaScript前端技术； 6、有使用Hadoop/Hive/HBase/Spark/ Elasticsearch /Kafka/Flume经验，进行海量数据处理经验者优先；"
郑州郑大大数据科技有限公司,java/web/php/.net/android大数据实习生,五险一金/绩效奖金/全勤奖/包住/交通补助/通讯补助/带薪年假/弹性工作,CZ829062750,20-99人,8千-1万,郑州,大专,不限,民营,http://company.zhaopin.com/CZ829062750.htm,http://jobs.zhaopin.com/CC829062750J00202628113.htm,java/web/php/.net/android大数据实习生,CC829062750J00202628113,719,,1,1,岗位职责：1、负责公司各分店经营数据的收集及统计分析，形成数据分析报告，支持各部门工作；2、负责对公司各项业务进行风险评估、对运营数据、价格定位等方面提出意见方案；3、负责统计公司各项业务数据，根据市场动态作出评估及预测年度发展目标，并协助公司制定战略决策；4、完成领导交办的其他工作任务。 任职要求：1、三年以上工作经验，本科以上学历，统计学、数学、计算机等相关专业；2、熟练运用EXCEL的数据透视表、宏、函数，及泡泡图，或其他统计分析软件；3、熟练掌握数据采集、整理、分析和建模的方法和流程；4、具备良好的沟通能力及团队协作精神。
许昌孟德信息科技有限公司,BI数据分析师,绩效奖金/五险一金/公司重点项目/不加班/节日福利/带团队/定期团建,CZ822818320,20-99人,1万-1.5万,许昌,大专,3-5年,民营,http://company.zhaopin.com/CZ822818320.htm,http://jobs.zhaopin.com/CC822818320J00184259212.htm,BI数据分析师,CC822818320J00184259212,728,,1,1,    岗位职责： 1. 数据需求分析、数据规划，报表设计；  2. 与业务部门沟通，了解需求的方向，寻找技术方案的支持，负责大数据应用相关的产品设计；  3. 沟通和收集数据需求，设计和推动实现；  4. 报表的日常维护并根据业务需求寻找优化方案。 5. 临时需求的处理。     岗位要求：  1. 大专以上学历，数学、统计、信息专业优先； 2. 3-5年数据分析经验，有制造行业背景优先； 3. 精通Mysql、hive，熟悉BI工具；有数据仓储、数据建模的、做过帆软报表经验者优先； 4. 熟练使用EXCEL等数据分析工具。  5. 服从部门的管理及安排，推动分析问题的解决，为决策提供支持；  6. 有高度的责任心，良好的沟通能力和团队精神。
郑州未之来软件科技有限公司,数据分析师/Python人工智能方向,14薪/每年多次调薪/五险一金/周末双休/绩效奖金/全勤奖/交通补助/包住,CZ818375530,100-499人,6千-8千,郑州,学历不限,不限,股份制企业,http://company.zhaopin.com/CZ818375530.htm,http://jobs.zhaopin.com/CC818375530J00075944309.htm,数据分析师/Python人工智能方向,CC818375530J00075944309,719,,1,1,"1, 建立和完善基于证券数据和财经信息的大数据平台，构建完善的数据存储、加工、分析、挖掘及数据产品开发的基础数据系统；2、充分运用大数据分析及建模的方法，了解用户的需求及行为模式，提升用户满意度、活跃度、转化率、留存率，促进用户增长，发现与改进公司产品及业务流程中的问题，促进公司业务的发展，为公司的商业决策提供依据；3、 BI系统建设：对用户进行精细化分析，设计用户数据模型，以产生实时与批量用户画像；4、主导开发相关的数据产品。任职要求:1、有2年以上Django/Flask/Spring Boot/Spring MVC项目经验；2、熟练Python/Java、SQL、Shell语言，掌握Django、DRF、Flask等开发框架，Spring/MyBatis技术体系；3、熟练操作常用数据库（Mysql、Mongodb、Redis），熟悉Html，CSS，JavaScript前端技术；4、有使用Hadoop/Hive/HBase/Spark/ Elasticsearch /Kafka/Flume经验，进行海量数据处理经验者优先；"
中梁汉承置业有限公司,销售内勤-数据岗,五险一金/绩效奖金/年终分红/交通补助/餐补/房补/通讯补助/带薪年假,CZ835989070,不限,8千-1万,郑州,本科,3-5年,民营,http://company.zhaopin.com/CZ835989070.htm,http://jobs.zhaopin.com/CZ835989070J00157120409.htm,销售内勤-数据岗,CZ835989070J00157120409,719,,1,1,岗位职责：1、集团总部运营主管岗位，负责与所辖项目的整体对接工作；2、负责运营数据的统计、数据分析、问题反馈及跟踪工作；3、办公用品的领用与报备；4、其他上级交代的工作。任职要求：1、大专以上学历，财务管理、市场营销等相关专业；2、基础办公软件操作熟练，尤其数据处理能力强，能够通过数据分析客户的风险能力；3、有地产公司运营经验者优先录用。公司福利：1、基本工资+绩效+节日福利+生日福利；2、法定假日+带薪年、婚、产假等各种假期；3、岗位培训+岗位晋升+调薪制度+激励制度+员工活动；4、统一缴纳社保。工作时间：9:00-12:00，14:00-18:00 单双轮休 法定节假日休息工作地址：管城区航海东路正商国际广场C座12层
郑州郑大大数据科技有限公司,java/web/php/.net/android大数据实习生,五险一金/绩效奖金/全勤奖/包住/交通补助/通讯补助/带薪年假/弹性工作,CZ829062750,20-99人,8千-1万,郑州,大专,不限,民营,http://company.zhaopin.com/CZ829062750.htm,http://jobs.zhaopin.com/CC829062750J00202628113.htm,java/web/php/.net/android大数据实习生,CC829062750J00202628113,719,,1,1,"岗位职责1. 负责公司数据的收集、统计、定期报送及管理工作；2.负责公司数据分析和挖掘根据业务需求，编制报表模型，并及时完成报表数据统计及分析处理工作，为业务运营推广提供数据支撑；3. 负责公司经营分析等相关报告的定期撰写和汇报；4. 负责完成行业内的宏观政策分析、市场动态分析工作，为公司决策提供支撑服务；5. 完成公司领导安排的其他工作。任职要求1、规划专属运营分析后台，以及决策后台利用，可视化数据汇报，日周月杜绝非可视化汇报盲点。2、熟悉常用的数据分析方法和挖掘算法，一年以上相关项目经验，以下至少一类算法有深入的应用和理解：分类，聚类，关联，协同过滤； 3、对数据有良好的敏感性，能够通过数据察觉到背后的业务变化和潜在问题，有大数据处理经验者优先；4、精通一种及以上数据挖掘工具（SAS\SPSS等），具有海量数据挖掘、分析相关项目实施经验，参加过完整的数据挖掘项目并有成功案例尤佳；5、熟练掌握PPT和EXCEL制作;公司简介安徽省刀锋网络科技有限公司是2016年7月正式注册成立的互联网公司，是国内最大的游戏服务全产业链的企业。至今已发展成为集游戏体验、账号租赁、代练、买卖四大主营业务为一体，游戏社区、游戏发行并行发展的个人游戏服务企业，并于2017、2018年完成数千万美元A轮、A+轮融资，估值5个亿。2017年底公司将总部迁至郑州高新技术开发区大学科技园，客服中心设置在安徽亳州，2018年在北京中关村设置分公司，同步探索深圳分子公司业务，公司员工近500人。我们的薪酬福利：1、 行业有竞争力薪酬福利；完善的社会统筹保险；2、 每年2次调薪机会（6月份、12月份）3、 入职即可享受年底分红；入职满一年享受年底双薪；4、 只要你有才干，股票期权任你拿；5、 周末双休，8小时工作制；6、 培训津贴+定期培训，内外训结合，帮助员工快速成长7、 各种法定假、带薪年假+节日福利、party、员工生日会+礼品、结婚礼金等，福利拿到手软8、 每月部门聚餐，不定期旅游、野外拓展等，劳逸结合，去哪玩大伙儿定；9、 公司办理健身卡+时令水果+养生花茶，养生90后可不止会保温杯泡枸杞哦10、 免费提供住宿（电梯公寓房、空调、热水器、洗衣机.....咱都有）；11、 我们是85后,90后,95后；充满激情和梦想的年轻管理团队及行业大牛；12、 开放的公司文化和人性化的管理。我们的愿景：1、全球最大的游戏账号租赁平台；2、颠覆用户游戏方式，优化用户体验；3、帮助玩家在游戏体验中获得前所未有的便利，使空闲账号能产生利益；"
郑州未之来软件科技有限公司,数据分析师/Python人工智能方向,14薪/每年多次调薪/五险一金/周末双休/绩效奖金/全勤奖/交通补助/包住,CZ818375530,100-499人,6千-8千,郑州,学历不限,不限,股份制企业,http://company.zhaopin.com/CZ818375530.htm,http://jobs.zhaopin.com/CC818375530J00075944309.htm,数据分析师/Python人工智能方向,CC818375530J00075944309,719,,1,1,岗位职责：1、负责行业数据分析项目工作，配合项目经理完成项目需求调研，编制需求说明书和工作方案；2、 沟通客户实际分析需求，完成相关数据抽取、数据清洗、数据探索、数据建模分析等工作；3、按要求完成数据分析报告、建模报告、数据报表等；4、参与项目成果汇编，对相关结果进行解读和汇报。岗位要求：1、本科以上学历，数学或统计学相关专业毕业，3年左右相关工作经验，熟悉主流数据分析工具或语言sas、spss、R、Python等，掌握常见的数据处理方法、数据分析算法，并能应对不同数据特征灵活应用。2、学习和解决问题的能力较强；表达和沟通能力、理解能力较强。3、熟练操作主流数据库，能独立编写SQL、函数、存储过程。4、工作态度好、有责任感；主动意识和执行力强。5、满足上述条件，并有社会保障行业或保险行业相关数据分析、数据挖掘建模经验的优先。
深圳市优阅达数据科技有限公司,数据分析师-tableau,五险一金/弹性工作/带薪年假/员工旅游/节日福利/年底双薪,CZ273871280,20-99人,6千-1.2万,武汉,本科,1-3年,其它,http://company.zhaopin.com/CC273871284.htm,http://jobs.zhaopin.com/CC273871284J00283860801.htm,数据分析师-tableau,CC273871284J00283860801,736,江汉区,1,1,  岗位职责：    1、搜集行业相关信息，为相关需求者提供更准确的数据信息；  2、丰富市场分析能力，做出每日分析计划，熟练掌握各种分析技术；  3、对市场、行业、公司运营等提供数据分析计划，为战略决策提供支持；  4、发表研究成果或分析评论，配合公司的推广及培训等工作。  5、协助部门经理完善部门管理制度；  6、对基本面、技术面进行分析研究，给出行情走势分析和判断，撰写研究报告上交公司；  7、分析行情走势，为相关部门提供有价值的行情信息；  8、定期为公司提供金融二级市场最新趋势；  9、结合多种数据源进行深度分析和挖掘；  10、对市场金融数据进行量化分析，并推动研究成果的信息化、互联网化；  任职要求：  1、年龄：20-45岁，五官端正，性格开朗，善于沟通；  2、有相关工作经验者、金融相关专业、有金融从业相关证件者优先录取；  3、认真实践备入职前的试岗培训（培训由公司免费提供，不收取任何费用）  4、以协助公司持续稳定盈利为最高目标，有志成为业内精英人才；  5、敢于迎接挑战、不怕辛苦、积极完成公司交赋的工作任务；  6、热爱金融行业，有励志于长期发展这个行业的意愿，接受专业学习培训和模拟训练；  7、对金融行业和投资理财有浓厚的兴趣及意愿，致力于把金融行业作为事业发展方向。  工作时间:周一至周五早9:00-晚5:30 周末双休 法定节假日 带薪年假 五险一金 不加班
深圳市优阅达数据科技有限公司,数据分析师-tableau,五险一金/弹性工作/带薪年假/员工旅游/节日福利/年底双薪,CZ273871280,20-99人,6千-1.2万,武汉,本科,1-3年,其它,http://company.zhaopin.com/CC273871284.htm,http://jobs.zhaopin.com/CC273871284J00283860801.htm,数据分析师-tableau,CC273871284J00283860801,736,江汉区,1,1,"岗位职责：1、负责集团终端业务的数据分析工作，相关业务行业视角的数据专项分析。2、实现核心业务指标维度和口径数据落地, 对数据进行清洗建模，搭建业务的核心指标和报表数据监控体系，迅速定位内部问题。 3、建设与完善数据分析体系方法论，撰写商业数据分析报告。关注业务动态，解决业务的核心诉求，通过数据驱动业务增长的同时，挖掘流量、产品、策略的商业变现机会，驱动商业化业务发展。4、构建各种分析和预测模型，通过跟踪和监控重点数据，发现潜在的机会点与风险点，为业务决策提供数据支撑。任职要求：1、熟练掌握SQL、Hive、Excel 、PPT等工具，掌握Python、R、SAS至少一种统计分析工具或爬虫技术，熟悉Hadoop和Hive原理。2、良好的商业思维，结构性思考能力，业务理解能力，能从海量数据中提炼出核心结果；有丰富的数据清洗、挖掘、分析、建模经验。3、熟练独立编写商业数据分析报告，及时发现和分析业务隐含的变化问题。具备良好的商业敏感度和创新意识，快速识别商业问题机会点与风险点。4、全日制本科学历及以上，数学、统计学、计算机、金融等相关专业，3年以上互联网数据分析经验, 数据化运营经验，电商领域或医药行业相关分析经验优先。"
横琴理忱资产管理有限公司,行业研究员（主要及可选消费方向）,五险一金/绩效奖金/带薪年假/周末双休/节日福利/年终分红,CZ873888840,20人以下,7千-1.2万,武汉,硕士,1-3年,民营,http://company.zhaopin.com/CZ873888840.htm,http://jobs.zhaopin.com/CC873888840J00449442305.htm,行业研究员（主要及可选消费方向）,CC873888840J00449442305,736,,1,1,  金融数据的分析师  岗位职责：    1、搜集行业相关信息，为相关需求者提供更准确的数据信息；  2、丰富市场分析能力，做出每日分析计划，熟练掌握各种分析技术；  3、对市场、行业、公司运营等提供数据分析计划，为战略决策提供支持；  4、发表研究成果或分析评论，配合公司的推广及培训等工作。  5、协助部门经理完善部门管理制度；  6、对基本面、技术面进行分析研究，给出行情走势分析和判断，撰写研究报告上交公司；  7、分析行情走势，为相关部门提供有价值的行情信息；  8、定期为公司提供金融二级市场最新趋势；  9、结合多种数据源进行深度分析和挖掘；  10、对市场金融数据进行量化分析，并推动研究成果的信息化、互联网化；  任职要求：  1、年龄：20-45岁，五官端正，性格开朗，善于沟通；  2、有相关工作经验者、金融相关专业、有金融从业相关证件者优先录取；  3、认真实践备入职前的试岗培训（培训由公司免费提供，不收取任何费用）  4、以协助公司持续稳定盈利为最高目标，有志成为业内精英人才；  5、敢于迎接挑战、不怕辛苦、积极完成公司交赋的工作任务；  6、热爱金融行业，接受专业学习培训和模拟训练；  7、对金融行业和投资理财有浓厚的兴趣及意愿，致力于把金融行业作为事业发展方向。  工作时间:周一至周五早9:00-晚5:30 周末双休 法定节假日 带薪年假 
横琴理忱资产管理有限公司,行业研究员（主要及可选消费方向）,五险一金/绩效奖金/带薪年假/周末双休/节日福利/年终分红,CZ873888840,20人以下,7千-1.2万,武汉,硕士,1-3年,民营,http://company.zhaopin.com/CZ873888840.htm,http://jobs.zhaopin.com/CC873888840J00449442305.htm,行业研究员（主要及可选消费方向）,CC873888840J00449442305,736,,1,1,  岗位职责：     1、发表研究成果或分析评论，配合公司的推广及培训等工作。       2、协助部门经理完善部门管理制度；    3、搜集行业相关信息，为相关需求者提供更准确的数据信息；  4、丰富市场分析能力，做出每日分析计划，熟练掌握各种分析技术；  5、对市场、行业、公司运营等提供数据分析计划，为战略决策提供支持；  6、对基本面、技术面进行分析研究，给出行情走势分析和判断，撰写研究报告上交公司；  7、分析行情走势，为相关部门提供有价值的行情信息；  8、定期为公司提供金融二级市场最新趋势；  9、结合多种数据源进行深度分析和挖掘；  10、对市场金融数据进行量化分析，并推动研究成果的信息化、互联网化；  任职要求：  1、年龄：20-45岁，五官端正，性格开朗，善于沟通；  2、有相关工作经验者、金融相关专业、有金融从业相关证件者优先录取；  3、认真实践备入职前的试岗培训（培训由公司免费提供，不收取任何费用）  4、以协助公司持续稳定盈利为最高目标，有志成为业内精英人才；  5、敢于迎接挑战、不怕辛苦、积极完成公司交赋的工作任务；  6、热爱金融行业，有励志于长期发展这个行业的意愿，接受专业学习培训和模拟训练；  7、对金融行业和投资理财有浓厚的兴趣及意愿，致力于把金融行业作为事业发展方向。  工作时间:周一至周五早9:00-晚5:30 周末双休 法定节假日 带薪年假 
深圳市优阅达数据科技有限公司,数据分析师-tableau,五险一金/弹性工作/带薪年假/员工旅游/节日福利/年底双薪,CZ273871280,20-99人,6千-1.2万,武汉,本科,1-3年,其它,http://company.zhaopin.com/CC273871284.htm,http://jobs.zhaopin.com/CC273871284J00283860801.htm,数据分析师-tableau,CC273871284J00283860801,736,江汉区,1,1, 岗位职责：  1、搜集行业相关信息，为相关需求者提供更准确的数据信息；  2、丰富市场分析能力，做出每日分析计划，熟练掌握各种分析技术；  3、对市场、行业、公司运营等提供数据分析计划，为战略决策提供支持；  4、发表研究成果或分析评论，配合公司的推广及培训等工作。  5、协助部门经理完善部门管理制度；  6、对基本面、技术面进行分析研究，给出行情走势分析和判断，撰写研究报告上交公司；  7、分析行情走势，为相关部门提供有价值的行情信息；  8、定期为公司提供金融二级市场最新趋势；  9、结合多种数据源进行深度分析和挖掘；  10、对市场金融数据进行量化分析，并推动研究成果的信息化、互联网化；  任职要求：  1、年龄：20-45岁，五官端正，性格开朗，善于沟通；  2、有相关工作经验者、金融相关专业、有金融从业相关证件者优先录取；  3、认真实践备入职前的试岗培训（培训由公司免费提供，不收取任何费用）  4、以协助公司持续稳定盈利为最高目标，有志成为业内精英人才；  5、敢于迎接挑战、不怕辛苦、积极完成公司交赋的工作任务；  6、热爱金融行业，有励志于长期发展这个行业的意愿，接受专业学习培训和模拟训练；  7、对金融行业和投资理财有浓厚的兴趣及意愿，致力于把金融行业作为事业发展方向。  工作时间:周一至周五早9:00-晚5:30 周末双休 五险一金
横琴理忱资产管理有限公司,行业研究员（主要及可选消费方向）,五险一金/绩效奖金/带薪年假/周末双休/节日福利/年终分红,CZ873888840,20人以下,7千-1.2万,武汉,硕士,1-3年,民营,http://company.zhaopin.com/CZ873888840.htm,http://jobs.zhaopin.com/CC873888840J00449442305.htm,行业研究员（主要及可选消费方向）,CC873888840J00449442305,736,,1,1,  岗位职责：  1、搜集行业相关信息，为相关需求者提供更准确的数据信息；  2、丰富市场分析能力，做出每日分析计划，熟练掌握各种分析技术；     3、发表研究成果或分析评论，配合公司的推广及培训等工作。       4、协助部门经理完善部门管理制度；    5、对市场、行业、公司运营等提供数据分析计划，为战略决策提供支持；  6、对基本面、技术面进行分析研究，给出行情走势分析和判断，撰写研究报告上交公司；  7、分析行情走势，为相关部门提供有价值的行情信息；  8、定期为公司提供金融二级市场最新趋势；  9、结合多种数据源进行深度分析和挖掘；  10、对市场金融数据进行量化分析，并推动研究成果的信息化、互联网化；  任职要求：  1、年龄：20-45岁，五官端正，性格开朗，善于沟通；  2、有相关工作经验者、金融相关专业、有金融从业相关证件者优先录取；  3、认真实践备入职前的试岗培训（培训由公司免费提供，不收取任何费用）  4、以协助公司持续稳定盈利为最高目标，有志成为业内精英人才；  5、敢于迎接挑战、不怕辛苦、积极完成公司交赋的工作任务；  6、热爱金融行业，有励志于长期发展这个行业的意愿，接受专业学习培训和模拟训练；  7、对金融行业和投资理财有浓厚的兴趣及意愿，致力于把金融行业作为事业发展方向。  工作时间:周一至周五早9:00-晚5:30 周末双休 法定节假日 带薪年假 
湖北汉特人力资源有限公司,藏龙岛账户管理专员（催收）高薪双休,五险一金/加班补助/全勤奖/年底双薪/包吃/包住/免费班车,CZ649502630,20-99人,6千-8千,武汉,学历不限,1年以下,民营,http://company.zhaopin.com/CZ649502630.htm,http://jobs.zhaopin.com/CC649502630J00354938708.htm,藏龙岛账户管理专员（催收）高薪双休,CC649502630J00354938708,736,,1,1,  任职要求：    1、年龄：20-45岁，五官端正，性格开朗，善于沟通；  2、有相关工作经验者、金融相关专业、有金融从业相关证件者优先录取；  3、认真实践备入职前的试岗培训（培训由公司免费提供，不收取任何费用）  4、以协助公司持续稳定盈利为最高目标，有志成为业内精英人才；  5、敢于迎接挑战、不怕辛苦、积极完成公司交赋的工作任务；  6、热爱金融行业，有励志于长期发展这个行业的意愿，接受专业学习培训和模拟训练；  7、对金融行业和投资理财有浓厚的兴趣及意愿，致力于把金融行业作为事业发展方向。     岗位职责：       1、搜集行业相关信息，为相关需求者提供更准确的数据信息；       2、丰富市场分析能力，做出每日分析计划，熟练掌握各种分析技术；       3、对市场、行业、公司运营等提供数据分析计划，为战略决策提供支持；       4、发表研究成果或分析评论，配合公司的推广及培训等工作。       5、协助部门经理完善部门管理制度；       6、对基本面、技术面进行分析研究，给出行情走势分析和判断，撰写研究报告上交公司；       7、分析行情走势，为相关部门提供有价值的行情信息；       8、定期为公司提供金融二级市场最新趋势；       9、结合多种数据源进行深度分析和挖掘；       10、对市场金融数据进行量化分析，并推动研究成果的信息化、互联网化；      工作时间:周一至周五早9:00-晚5:30 周末双休 法定节假日 带薪年假 
仁和会计教育,合作机构主管/专员（光谷）,五险一金/绩效奖金/全勤奖/带薪年假/节日福利/定期团建/周末双休/年终分红,CZ567976220,10000人以上,4千-6千,武汉,本科,3-5年,民营,http://company.zhaopin.com/CZ567976220.htm,http://jobs.zhaopin.com/CC567976223J00405564107.htm,合作机构主管/专员（光谷）,CC567976223J00405564107,736,,1,1,  岗位职责：     1、对市场、行业、公司运营等提供数据分析计划，为战略决策提供支持；       2、发表研究成果或分析评论，配合公司的推广及培训等工作。    3、搜集行业相关信息，为相关需求者提供更准确的数据信息；  4、丰富市场分析能力，做出每日分析计划，熟练掌握各种分析技术；  5、协助部门经理完善部门管理制度；  6、对基本面、技术面进行分析研究，给出行情走势分析和判断，撰写研究报告上交公司；  7、分析行情走势，为相关部门提供有价值的行情信息；  8、定期为公司提供金融二级市场最新趋势；  9、结合多种数据源进行深度分析和挖掘；  10、对市场金融数据进行量化分析，并推动研究成果的信息化、互联网化；  任职要求：  1、年龄：20-45岁，五官端正，性格开朗，善于沟通；  2、有相关工作经验者、金融相关专业、有金融从业相关证件者优先录取；  3、认真实践备入职前的试岗培训（培训由公司免费提供，不收取任何费用）  4、以协助公司持续稳定盈利为最高目标，有志成为业内精英人才；  5、敢于迎接挑战、不怕辛苦、积极完成公司交赋的工作任务；  6、热爱金融行业，有励志于长期发展这个行业的意愿，接受专业学习培训和模拟训练；  7、对金融行业和投资理财有浓厚的兴趣及意愿，致力于把金融行业作为事业发展方向。  工作时间:周一至周五早9:00-晚5:30 周末双休 法定节假日 带薪年假 
横琴理忱资产管理有限公司,行业研究员（主要及可选消费方向）,五险一金/绩效奖金/带薪年假/周末双休/节日福利/年终分红,CZ873888840,20人以下,7千-1.2万,武汉,硕士,1-3年,民营,http://company.zhaopin.com/CZ873888840.htm,http://jobs.zhaopin.com/CC873888840J00449442305.htm,行业研究员（主要及可选消费方向）,CC873888840J00449442305,736,,1,1,1、负责收集市场信息和行业经济数据，汇总，发送给基金管理人；2、负责为基金管理人提供合理化投资建议，为基金实现资产保值增值；3、负责收集期货市场最新动态及宏观国际经济分析，用于微信公众号的财经编辑；4、负责解答微信群里面投资人及潜在投资人的一些金融疑问；5、负责后期协助基金管理人对基金的运作。 任职资格：1、本科及以上学历，经济、金融类等相关专业；2、具有在证券公司、银行、保险等金融行业工作经验优先；3、硕士及以上至少具备证券/基金/期货从业资格证；本科及以上至少具备证券/期货分析师资格证。
光大永明人寿保险有限公司,银行保险金融服务专员,五险一金/绩效奖金/带薪年假/补充医疗保险/定期体检/节日福利,CZ000506220,1000-9999人,面议,武汉,本科,不限,合资,http://special.zhaopin.com/bj/2010/gdym091023/enter.htm,http://jobs.zhaopin.com/CC000506225J00053016114.htm,银行保险金融服务专员,CC000506225J00053016114,736,,1,1,  岗位职责：    1、搜集行业相关信息，为相关需求者提供更准确的数据信息；  2、丰富市场分析能力，做出每日分析计划，熟练掌握各种分析技术；  3、对市场、行业、公司运营等提供数据分析计划，为战略决策提供支持；  4、发表研究成果或分析评论，配合公司的推广及培训等工作。  5、协助部门经理完善部门管理制度；  6、对基本面、技术面进行分析研究，给出行情走势分析和判断，撰写研究报告上交公司；  7、分析行情走势，为相关部门提供有价值的行情信息；  8、定期为公司提供金融二级市场最新趋势；  9、结合多种数据源进行深度分析和挖掘；  10、对市场金融数据进行量化分析，并推动研究成果的信息化、互联网化；  任职要求：  1、年龄：20-45岁，五官端正，性格开朗，善于沟通；  2、有相关工作经验者、金融相关专业、有金融从业相关证件者优先录取；  3、认真实践备入职前的试岗培训（培训由公司免费提供，不收取任何费用）  4、以协助公司持续稳定盈利为最高目标，有志成为业内精英人才；  5、敢于迎接挑战、不怕辛苦、积极完成公司交赋的工作任务；  6、热爱金融行业，有励志于长期发展这个行业的意愿，接受专业学习培训和模拟训练；  7、对金融行业和投资理财有浓厚的兴趣及意愿，致力于把金融行业作为事业发展方向。  工作时间:周一至周五早9:00-晚5:30 周末双休 法定节假日 带薪年假
横琴理忱资产管理有限公司,行业研究员（主要及可选消费方向）,五险一金/绩效奖金/带薪年假/周末双休/节日福利/年终分红,CZ873888840,20人以下,7千-1.2万,武汉,硕士,1-3年,民营,http://company.zhaopin.com/CZ873888840.htm,http://jobs.zhaopin.com/CC873888840J00449442305.htm,行业研究员（主要及可选消费方向）,CC873888840J00449442305,736,,1,1,     岗位职责：       1、搜集行业相关信息，为相关需求者提供更准确的数据信息；       2、丰富市场分析能力，做出每日分析计划，熟练掌握各种分析技术；       3、对市场、行业、公司运营等提供数据分析计划，为战略决策提供支持；       4、发表研究成果或分析评论，配合公司的推广及培训等工作。       5、协助部门经理完善部门管理制度；       6、对基本面、技术面进行分析研究，给出行情走势分析和判断，撰写研究报告上交公司；       7、分析行情走势，为相关部门提供有价值的行情信息；       8、结合多种数据源进行深度分析和挖掘；       9、对市场金融数据进行量化分析，并推动研究成果的信息化、互联网化；       10、定期为公司提供金融二级市场最新趋势；    任职要求：    1、年龄：20-45岁，五官端正，性格开朗，善于沟通；  2、有相关工作经验者、金融相关专业、有金融从业相关证件者优先录取；  3、认真实践备入职前的试岗培训（培训由公司免费提供，不收取任何费用）     4、热爱金融行业，有励志于长期发展这个行业的意愿，接受专业学习培训和模拟训练；       5、对金融行业和投资理财有浓厚的兴趣及意愿，致力于把金融行业作为事业发展方向。    6、以协助公司持续稳定盈利为最高目标，有志成为业内精英人才；  7、敢于迎接挑战、不怕辛苦、积极完成公司交赋的工作任务；  工作时间:周一至周五早9:00-晚5:30 周末双休 法定节假日 带薪年假  
平安普惠融资担保有限公司湖南分公司,17225I-渠道管理岗,五险一金/带薪年假/节日福利/高温补贴/定期体检,CZ324028980,10000人以上,6千-8千,长沙,本科,1-3年,外商独资,http://company.zhaopin.com/CZ324028980.htm,http://jobs.zhaopin.com/CC324028980J00378917203.htm,17225I-渠道管理岗,CC324028980J00378917203,749,,1,1, （一）技能要求：excel，数据库，SQL （二）岗位职责： 1、熟练的使用excel或数据工具产出公司报表 2.领导交办的其他任务 任职要求： 1.大专及以上学历，有excel表操作经验或数学、统计学及计算机专业优先 2.熟练掌握和使用Excel或熟练使用oracle/mysql等一种常用的数据库语言 3.数据分析能力、逻辑能力、沟通能力
平安普惠融资担保有限公司湖南分公司,17225I-渠道管理岗,五险一金/带薪年假/节日福利/高温补贴/定期体检,CZ324028980,10000人以上,6千-8千,长沙,本科,1-3年,外商独资,http://company.zhaopin.com/CZ324028980.htm,http://jobs.zhaopin.com/CC324028980J00378917203.htm,17225I-渠道管理岗,CC324028980J00378917203,749,,1,1,岗位职责：1、从数据库获取数据，对日常数据进行汇总，形成日报、周报、月份等汇报机制。2、利用一定的建模技术或挖掘技术对用户数据进行分类，并进行精细化运营及营销。3、熟悉数据统计分析或挖掘技术，推动统计分析模型的建立和完善，为运营决策提供支持。4、根据数据分析和对业务形态的理解，对产品、服务、营销等活动提出合理化建议的建议。5、完成其它各项数据分析工作。任职要求：1、本科以上学历；2、熟悉数据库，以及SPSS操作；3、有1~3年以上数据数据分析相关工作经验、有互联网行业相关经验优先；4、较强的学习能力，良好的沟通表达能力及团队协能力。
湖南惠农科技有限公司,数据分析（19应届毕业生）,五险一金/全勤奖/带薪年假/节日福利/补充医疗保险/每年多次调薪/大牛带队,CZ567667420,500-999人,4千-6千,长沙,本科,无经验,民营,http://company.zhaopin.com/CZ567667420.htm,http://jobs.zhaopin.com/CC567667424J00434888707.htm,数据分析（19应届毕业生）,CC567667424J00434888707,749,芙蓉区,1,1,负责项目在湖南移动新业务部门的数据提取、分析和统计；项目的日报、周报、月报，做好会议纪要，制作项目PPT等；为热点中内容进行数据跟踪和分析；
湖南惠农科技有限公司,数据分析（19应届毕业生）,五险一金/全勤奖/带薪年假/节日福利/补充医疗保险/每年多次调薪/大牛带队,CZ567667420,500-999人,4千-6千,长沙,本科,无经验,民营,http://company.zhaopin.com/CZ567667420.htm,http://jobs.zhaopin.com/CC567667424J00434888707.htm,数据分析（19应届毕业生）,CC567667424J00434888707,749,芙蓉区,1,1,负责项目在湖南移动新业务部门的数据提取、分析和统计；项目的日报、周报、月报，做好会议纪要，制作项目PPT等；为热点中内容进行数据跟踪和分析；
平安普惠融资担保有限公司湖南分公司,17225I-渠道管理岗,五险一金/带薪年假/节日福利/高温补贴/定期体检,CZ324028980,10000人以上,6千-8千,长沙,本科,1-3年,外商独资,http://company.zhaopin.com/CZ324028980.htm,http://jobs.zhaopin.com/CC324028980J00378917203.htm,17225I-渠道管理岗,CC324028980J00378917203,749,,1,1,岗位职责:1、能利用数据分析手段，对多种数据源进行深度诊断性组合分析、挖掘、深度分析，并通过分析潜在业务机会给出建议；2、应用机器学习、文本挖掘等技术，对海量数据进行挖掘，发现其潜在关系，研发符合客户的大数据产品；3、配合业务部门给予数据支持，帮助业务部门优化运营服务，设计符合用户个性化需求的产品；4、通过大数据挖掘用户群体行为和属性特征，帮助业务部门更好的理解客户需求。 任职资格:1、本科及以上学历，数学、统计、计算机等相关专业优先；2、具备大数据的处理能力，熟悉Hadoop、Hive、Spark、SQL等相关数据提取工具；3、良好的数据敏感度，能从海量数据提炼核心结果；有丰富的数据分析、挖掘、清洗和建模的经验；有教育大数据经验优先；4、具备良好的抗压能力、沟通能力、逻辑思维能力，有独立开展分析研究项目经验。
江苏谷科软件有限公司,数据库工程师,五险一金/通讯补助/带薪年假/定期体检/员工旅游/高温补贴/节日福利,CZ445690110,100-499人,6千-1.2万,苏州,大专,1-3年,民营,http://company.zhaopin.com/%E5%8D%97%E4%BA%AC%E8%B0%B7%E7%A7%91%E7%94%B5%E5%AD%90%E7%A7%91%E6%8A%80%E5%BC%80%E5%8F%91%E6%9C%89%E9%99%90%E5%85%AC%E5%8F%B8_CC445690112.htm,http://jobs.zhaopin.com/CC445690112J00214658504.htm,数据库工程师,CC445690112J00214658504,639,张家港市,1,1,岗位职责：   1.熟悉产品功能及业务目标，通过数据分析增长点，设计规划增长测试方案；   2.建立系统的增长模型，科学的实验机制，推动业务持续增长；   3.构建业务整体的指标体系及KPI，通过数据监控发现业务中的问题，推动业务方解决问题；   职业要求：   1.本科及以上学历，计算机，统计等相关专业，互联网3年以上工作经验；   2.能快速理解业务，发掘业务细节和数据之间的联系；   3.对数据敏感，精确地进行方案的效果评估；   4.热情，心态开放，具备较强的逻辑思维能力，清晰的沟通表达能力；   5.至少熟悉SQL等一种数据处理语言，能熟练使用EXCEL等数据分析工具；   6.有数据驱动运营相关工作经验优先   7.有h5/app游戏行业工作经验优先
葭珩(上海)企业管理咨询有限公司,外汇销售专员（异地招聘）,五险一金/包住/餐补/带薪年假/员工旅游/周末双休/出国游/定期团建,CZ837869110,100-499人,6千-8千,南通,大专,不限,民营,http://company.zhaopin.com/CZ837869110.htm,http://jobs.zhaopin.com/CC837869110J00336221408.htm,外汇销售专员（异地招聘）,CC837869110J00336221408,641,,1,1,1、时间相对自由；2、高收入；3、高挑战；4、自身素质的全面发展；岗位职责：1、接受公司培训；（有经验者可不接受培训，详情面谈）2、关注每次市场给出的进场，出场信号指示进行建仓，平仓操作；（交易系统会在培训期间给予指导）3、正式成为公司的员工。负责公司指定账户的资金运作，在稳定盈利的基础之上会逐步增加资金操作；4、把握市场机会，及时交易，确保账户达到稳定盈利，达到利益最大化；5、严格执行公司各项制度，并定期整理交易数据，向上级领导分析结果6、遵守公司各项管理制度，承办领导交办的其他工作；任职要求：1、专业不限，国际金融专业优先，有实际操作经验者优先2、对金融市场有深厚的兴趣，立志在金融领域长期发展；3、有较强的学习能力，新知识的接受能力；4、善于分析、能够保持冷静的交易思路和制定合理的交易策略；5、耐心细致，有责任心、具有保密意识注：1、无销售性质，也无需外出寻找客户2、热爱金融行业，对期货、证券、外汇有一定的经验者优先。3、凡应聘成功的人员，公司将统一、全面的给予员工提供为期五天的免费岗前培训；培训期间补助是（100元/天），并在正式入职后的第一个月薪资里统一发放。（如没有正式入职，补助不予发入）；周末双休。
虹泉互W有限公司,数据标注员（早九晚六+餐补）,五险一金/不加班/周末双休/绩效奖金/年底双薪/带薪年假/餐补/交通补助,CZ845055120,100-499人,4千-6千,南昌,大专,不限,民营,http://company.zhaopin.com/CZ845055120.htm,http://jobs.zhaopin.com/CC845055120J00138061409.htm,数据标注员（早九晚六+餐补）,CC845055120J00138061409,691,红谷滩新区,1,1,"岗位工作内容：1、视频整体数据业务的规划和落地工作。2、分析业务方数据需求进行统计分析。3、跟踪公司产品发展，监控重点数据，能从数据异动中主动发现问题，结合对业务的深入理解,分析和探索解决方向和方法。4、参与数据产品的研发，与分析师、业务方紧密合作，挖掘数据的商业价值,丰富产品形态。人员要求：1、专科及以上学历，统计学、应用数学、计算机相关专业。2、做事细心踏实，具备高度的工作责任心、抗压性，有吃苦耐劳的工作心态。4、熟悉整体项目实现过程，包括从业务调研、需求分析到产品发布。5、熟悉底层数据的架构技术以及应用层数据分析和算法的基本概念，能够运用数据作为产品解决业务方运营及决策问题。6、有流量分析系统、经营分析系统建设经验者优先考虑。E-mail：******************"
虹泉互W有限公司,数据标注员（早九晚六+餐补）,五险一金/不加班/周末双休/绩效奖金/年底双薪/带薪年假/餐补/交通补助,CZ845055120,100-499人,4千-6千,南昌,大专,不限,民营,http://company.zhaopin.com/CZ845055120.htm,http://jobs.zhaopin.com/CC845055120J00138061409.htm,数据标注员（早九晚六+餐补）,CC845055120J00138061409,691,红谷滩新区,1,1,将要做什么↓1、深入了解业务和项目，构建业务分析维度和逻辑；2、根据业务的需要，进行数据报表开发，提供业务的数据报表；3、整理项目中所需的项目文档，结合业务需求及时更新、完善数据，优化已有报表，提升数据质量；4、用tableau对需要分析的数据进行可视化展现。需要哪些能力↓1、1年以上数据分析工作经验，统招本科及以上学历，应用数学、统计学或计算机专业毕业；2、加分项：1年以上tableau或其他BI软件使用经验；已取得tableau证书认证者优先；3、熟练使用Excel中的函数以及透视表，掌握SQL语句，有数据库使用经验；4、对BI及数据可视化感兴趣，对数据敏感，熟悉各类数据分析方法；5、出色的逻辑思维能力、学习能力，具有优秀的团队合作精神。优阅达DKM面试技能检验：本岗位面试人员需要下载公司产品并进行尝试操作，面试环节将检验面试者对基础产品的学习程度最新产品下载链接 http://www.tableau.com/partner-trial?id=33616在线技术学习QQ群：*********
江西亿铂电子科技有限公司,数据分析师,住房补贴/绩效奖金/包吃/包住/年底双薪/加班补助/每年多次调薪/带薪年假,CZ442290210,10000人以上,4千-6千,新余,大专,1-3年,民营,http://company.zhaopin.com/CZ442290210.htm,http://jobs.zhaopin.com/CC442290210J00044908306.htm,数据分析师,CC442290210J00044908306,695,,1,1,岗位职责： 1、公司运营管理数据收集、处理、整合； 2、根据管理项目需求进行数据的分类分析，输出分析报告； 3、通过日常数据管理对各业务模块形成工作绩效监控，提出改善要求。   岗位要求： 1、25--35岁，统招本科以上学历，性格稳重、踏实、逻辑分析能力强，统计学专业优先； 2、熟悉常用的数据分析方法，能快速的构建问题框架和分析框架；； 3、熟悉基本统计算法，如决策树、逻辑回归等； 4、对数据敏感，有销售数据、市场信息分析经验优先。   其他福利： 1、包吃包住，购买社保、享受绩效奖、房补、年终奖。年薪6-12万 2、业绩优秀人员可参与季度、半年奖励，并享受公司股份分红等政策。    工作地点：江西省新余市高新区光伏路756号  联系人：宋小姐 0790-7138218/7138086 
中山研拓打印机设备有限公司,数据分析师,包吃/包住/带薪年假/绩效奖金/养老保险/失业保险/医疗保险/工伤保险,CZ689222920,1000-9999人,5千-1万,新余,本科,不限,民营,https://special.zhaopin.com/pagepublish/68922292/index.html,http://jobs.zhaopin.com/CC689222929J00421468005.htm,数据分析师,CC689222929J00421468005,695,,1,1,任职要求：1、25--35岁，统招本科以上学历，性格稳重、踏实、逻辑分析能力强，统计学专业优先；2、熟悉常用的数据分析方法，能快速的构建问题框架和分析框架；；3、熟悉基本统计算法，如决策树、逻辑回归等；4、对数据敏感，有销售数据、市场信息分析经验优先。职责描述：1、公司运营管理数据收集、处理、整合；2、根据管理项目需求进行数据的分类分析，输出分析报告；3、通过日常数据管理对各业务模块形成工作绩效监控，提出改善要求。福利待遇：1、包吃包住，购买社保、享受绩效奖、房补、年终奖。年薪6-12万 2、业绩优秀人员可参与季度、半年奖励，并享受公司股份分红等政策。
江西佳臻教育咨询有限公司,兼职招聘,,CZ693576330,不限,1千-2千,南昌,学历不限,不限,民营,http://company.zhaopin.com/CZ693576330.htm,http://jobs.zhaopin.com/CC693576330J00410029403.htm,兼职招聘,CC693576330J00410029403,691,红谷滩新区,1,1,1.对现有项目进行数据统计、数据挖掘、数据分析，用数字化的形式展示工作效果；  2.对客户、用户行为特征进行分析，形成客户画像，为营销决策提供支持；  3.监控城市数据，做好数据质量审核，形成市场趋势判断；
北京超图软件股份有限公司,数据整合人员（资源wh）,节日福利/五险一金/绩效奖金/股票期权/通讯补助/带薪年假/补充医疗保险/定期体检,CZ000573470,1000-9999人,3千-5千,赣州,大专,1-3年,上市公司,http://special.zhaopin.com/pagepublish/57347/index.html,http://jobs.zhaopin.com/CC000573478J00134364412.htm,数据整合人员（资源wh）,CC000573478J00134364412,697,,1,1,1. 3-6年以上银行行业数据类项目经验，包括数据模型设计、数据标准设计，数据质量管理、主数据、元数据2.熟悉银行业务系统，包括核心、信贷、CIF。3.监管报送要求和数据标准4.具有一定的银行项目管理经验薪资open，可谈base地：江西，北京
重庆软维科技有限公司,数据分析,五险一金/带薪年假/节日福利/周末双休,CZ447211930,100-499人,8千-1万,南昌,大专,1-3年,民营,http://company.zhaopin.com/CC447211938.htm,http://jobs.zhaopin.com/CC447211938J00314599202.htm,数据分析,CC447211938J00314599202,691,,1,1,岗位职责：◆ 定期分析报告：对全校的产品、客户、收入等内部数据的整理、分析，提供定期运营分析报告；◆ 专项分析报告：为各业务部门、项目的运营管理提供数据支持，提出优化建议，制定数据分析工作流程及方法优化方案；◆ 高阶数据模型：针对业务发展与需求，研发并建立数据分析模型。任职要求：1、研究生及以上学历，统计、数学等专业背景优先；2、熟练操作EXCEL，良好的SQL运用能力，VBA/R/SAS/PYTHON/MATLAB等工具有一定了解；3、从事数据分析相关工作经验两年以上，对企业有较高的忠诚度；4、良好的逻辑思维与业务分析能力；5、工作态度积极乐观，脚踏实地细致耐心；具有较强的事业心和抗压能力，能接受加班；6、热爱教育行业，认同新东方文化。工作地点：南昌市西湖区站前路105号（老福山）
江西神草药业有限公司,数据专员,绩效奖金/五险一金,CZ429334530,100-499人,2千-4千,沈阳,大专,1-3年,股份制企业,http://company.zhaopin.com/CZ429334530.htm,http://jobs.zhaopin.com/CZ429334530J00292457806.htm,数据专员,CZ429334530J00292457806,599,浑南区,1,1, 3年以上相关工作经验（数据/业务分析、决策支持、数据挖掘）； 对数据驱动业务有深入理解，对数据与业务方面有足够的敏感性，有较强的逻辑分析能力和独立思考能力； 具备良好的沟通能力、团队合作精神及抗压能力，能独立高效完成复杂分析项目； 了解财务知识或有过团队管理经验者优先； 团队合作精神抗压能力、资源整合及协调能力、理解能力、数据敏感度、较强学习能力。
大连淘车网络科技有限公司,DBA数据库运维工程师（五险一金+带薪年假+年终奖）,五险一金/年底双薪/绩效奖金/交通补助/通讯补助/带薪年假/定期体检/节日福利,CZ224792310,100-499人,4千-6千,大连,大专,不限,民营,http://company.zhaopin.com/P2/CC2247/9231/CC224792312.htm,http://jobs.zhaopin.com/224792312250259.htm,DBA数据库运维工程师（五险一金+带薪年假+年终奖）,CC224792312J90250259000,600,,1,1,岗位职责： 1、参与百度大数据提取需求的沟通工作，独立完成各种报表统计； 2、完成抽取数据、制作图表、完成数字展示 等流程，良好的适应能力以及学习能力； 3、产品改进提供数据支持； 4、负责与技术中心对接ERP系统数据异常问题，协助技术部纠正数据错误； 任职要求： 1、计算机、统计学等工科专业优先，全日制统招专科及以上学历，成绩优秀应届毕业生优先考虑； 2、对互联网大数据有着浓厚的兴趣，富有团队精神并具创造力； 3、有较强的沟通能力、严谨的逻辑思维以及数据敏感性； 4、具备良好的时间管理、规划执行力； 工作时间： 1、工作时间：周一至周五，8:30-17:30； 2、周末双休，法定节假日正常休息； 3、连续工作满1年者享受5天带薪年假； 福利待遇： 1、富有竞争力的薪酬标准，灵活的绩效奖励制度！ 2、为员工购买五险一金+商业保险，每年进行一次免费体检，让员工无后顾之忧！ 3、每年两次调薪，月度聚餐，节日旅游，生日奖等，为员工营造愉悦工作氛围！ 4、五天八小时工作制、周末双休、法定节假日之外的带薪病假、年休假，让员工与家人共享美好生活！
烟台海颐软件股份有限公司,数据工程师,五险一金/绩效奖金/交通补助/节日福利/带薪年假/定期体检,CZ176732310,1000-9999人,9千-1.2万,沈阳,大专,1-3年,股份制企业,http://company.zhaopin.com/CZ176732310.htm,http://jobs.zhaopin.com/CC176732315J00144416308.htm,数据工程师,CC176732315J00144416308,599,和平区,1,1,"岗位职责：1.基于业务痛点专题分析，为公司运营决策，数字营销、产品、运营等团队提供数据支持；2.分析用户来源、行为路径、转化率、留存等运营核心数据，给业务提供反馈和建议；3.建立业务数据模型与指标体系，持续跟踪业务数据，监测业务发展态势，为业务指标提供预警、监测和解读；4.利用专业工具和系统，监控运营相关数据，解读运营数据波动，从而发现问题，提出相应的解决方案，为领导层提供数据参考；5.对数据进行梳理及存档，以及各种临时性数据的整理和分析； 6.各类数据分析模板的应用，建立数据平台，为公司各项目提供数据分析支持；7.发现业务的风险点和机会点，并推动数据分析成果应用落地；8.对用户行为挖掘与分析，对海量数据深度分析数据特征，挖掘数据价值；高效的进行数据处理、分析、统计、挖掘工作;9.能够运用SQL语言、统计学基础、phyon基础知识、回归分析法、数据挖掘基本算法：分类、聚类、模型优化：特征提取、数据可视化：sea born、matplotlib进行数据的统计与分析。任职资格：1.数学、统计学、经济学、概率学、金融学相关专业，大学本科以上学历；2.数据敏锐度高，具备较强的数据整合、统计、挖掘与分析能力，较强的市场敏感度；3.精通SQL、Excel,熟悉数据表结构/表关系设计；4.熟悉数据库，了解数据分析至少一种语言；5.对于SQL语言、统计学基础、phyon基础知识、回归分析法等数据分析法能够合理的运用2-3分析方法进行分析测算。待遇：月薪一万以上，具体薪酬根据能力面议，早九晚六点半，午休一个半小时，双休、五险一金、法定假等。"
大连淘车网络科技有限公司,DBA数据库运维工程师（五险一金+带薪年假+年终奖）,五险一金/年底双薪/绩效奖金/交通补助/通讯补助/带薪年假/定期体检/节日福利,CZ224792310,100-499人,4千-6千,大连,大专,不限,民营,http://company.zhaopin.com/P2/CC2247/9231/CC224792312.htm,http://jobs.zhaopin.com/224792312250259.htm,DBA数据库运维工程师（五险一金+带薪年假+年终奖）,CC224792312J90250259000,600,,1,1,"职位描述：1. 通过协助各部门的业务数据梳理,及时反映数据进展,为业务提升方向提供支持；2. 理解公司平台的方向与战略，为公司运营决策、产品方向、市场策略提供数据分析报告；3. 根据业务的需要，进行数据报表开发，提供业务的数据报表；4.  整理项目中所需的项目文档，结合业务需求及时更新、完善数据，优化已有报表，提升数据质量。任职要求：1. 大专以上学历，应用数学、统计学或计算机专业相关专业毕业；2. 精通EXCEL表格，了解操作主流数据库（SQLServer,Mysql等），负责数据分析和挖掘，结合业务需求和分析成果，建立分析模型；3. 熟练使用至少一种数据分析软件工具如Tableau等；4. 思维敏捷、对数字敏感，具备良好的学习、沟通能力和团队精神；5. 会日语，能适应短期出差日本。"
亚恒建设集团有限公司,大数据开发工程师（实习生/应届生可投）,五险一金/14薪/住房补贴/每年多次调薪/定期团建/出国游/包住/带薪年假,CZ711081380,1000-9999人,8千-1.5万,包头,大专,不限,股份制企业,http://company.zhaopin.com/CZ711081380.htm,http://jobs.zhaopin.com/CC711081380J00181077812.htm,大数据开发工程师（实习生/应届生可投）,CC711081380J00181077812,588,,1,1,岗位职责：1、基于呼叫中心业务执行情况，制定各类业务运营策略，涵盖线索库管理、冷热线索转化策略、客户自助服务管理、客户分层和差异化服务管理、SOP运营管理等。2、参考呼叫中心行业标准和优秀联络中心实践，牵头制定和落地呼叫中心各业务团队所对应的业务指标和管理指标，并推动指标落地运营。3、结合公司AI资源，探索呼叫中心的人工智能化之路，助力人机协同“智能销售和服务联络中心”的转型。4、牵头推动运营系统建设团队和业务执行团队实现指标的系统化，建立联络中心指标的分析设计、系统实现、定期运营和优化迭代的体系化管理。5、基于呼叫中心各类运营策略、指标建设计划、智能化探索转型和系统建设的要求，依托项目管理模式落地具体的的工作，在项目进展中履行项目牵头人角色，负责项目计划、范围、进度、质量和收益的监督和管理；在项目结束后，开展项目复盘，明确项目对业务带来的收益（定性和定量），做好项目总结和收尾。职位要求：1、统招大专以上学历，专业不限；2、工作年限8年以上，至少5年以上呼叫中心运营管理经验；销售和服务类联络中心运营经验都有的，优先考虑；3、有大型（3000坐席以上）呼叫中心运营管理经验的，或者近三年在互联网企业的，或者具有咨询公司类似咨询项目背景者的，优先考虑；4、有联络中心AI智能客服或智能销售的落地经验，优先考虑；5、熟悉项目管理体系知识，有4PS认证优先。
包头市东悦泰伊健康管理咨询有限公司,前台文员,绩效奖金/餐补/全勤奖/大牛带队/员工旅游,CZ832971730,100-499人,2千-4千,包头,大专,1-3年,民营,http://company.zhaopin.com/CZ832971730.htm,http://jobs.zhaopin.com/CC832971730J00180342610.htm,前台文员,CC832971730J00180342610,588,,1,1,薪资待遇：1.底薪3000+岗位分红 转正交五险2.周末双休+法定节假日休息3.公司不定时团建用人要求：用人要求： 1.对本职工作认真负责，能够主动对工作情况进行分析并及时做出决策。 2.拥有很好的文案写作能力 对金融行业有一定的兴趣； 3. 具有较好的沟通与理解能力，善于思考；熟练操作办公软件 岗位职责：1.协助金融经理做数据分析和提取 2.进行信息跟踪、分析及报告，并定期进行更新。 3.根据要求进行数据的摘录和整理。 4.领导交办的其它工作内容。 
包头市澳银科技有限公司,经理助理 双休+五险,加班补助/带薪年假/通讯补助/节日福利/周末双休,CZ872233840,100-499人,4千-6千,包头,大专,1-3年,民营,http://company.zhaopin.com/CZ872233840.htm,http://jobs.zhaopin.com/CC872233840J00183257112.htm,经理助理 双休+五险,CC872233840J00183257112,588,昆都仑区,1,1,薪资待遇：1.底薪3000+岗位分红2.周末双休，法定节假日休息3.转正后上缴五险用人要求：1.具有较强的沟通能力2.对问题的分析缜密、判断正确而且能够迅速做出反应。3.拥有较强的学习意愿，能够接受创新。岗位职责：1.学习金融以及专业的相关专业知识优先考虑。 2.熟悉数据库软件优先考虑。对数据敏感，善于发现数据价值。 3.善于进行行业研究和挖掘 。 
包头市吾悦商业管理有限公司,新云工程师,,CZ826971460,不限,6千-8千,包头,大专,3-5年,民营,http://company.zhaopin.com/CZ826971460.htm,http://jobs.zhaopin.com/CZ826971460J00167640109.htm,新云工程师,CZ826971460J00167640109,588,,1,1,工作时间：  9：00-12：00  13：00-18：00  国家法定节假日正常休息，六日双休  任职资格：  1、熟练office等办公软件；  2、负责电脑文档的编号，打印，排版，归档；  3、工作认真仔细，执行力强；  4、协助经理做好数据的分析和采集；  5、完成部门经理交代的其他工作；  6、熟悉了解国际及国内的金融市场；  7、金融相关专业或金融相关经验者优先考虑。  福利待遇：  1、公司不定时团建；  2、转正上五险；  3、薪资3000元6000元8000元+岗位分红
平安普惠信息服务有限公司银川第二分公司,咨询顾问,周末双休/五险一金/年底双薪/绩效奖金/采暖补贴/带薪年假/定期体检/定期团建,CZ840430150,100-499人,5千-1万,银川,大专,不限,上市公司,http://company.zhaopin.com/CZ840430150.htm,http://jobs.zhaopin.com/CC840430150J00354735308.htm,咨询顾问,CC840430150J00354735308,886,,1,1,工作内容：1、 作为项目成员在项目经理的指导下，完成数据整理和数据分析工作，并撰写相关报告；2、积极参与项目分析方法的讨论，提出自己的观点、建议以及方案。职位要求：1、数学、统计相关专业；2、熟练掌握SQl、熟练掌握EXCEL高级函数；3、具备一定的数据报告、汇报材料等文档及PPT编写能力。4、 了解SAS基本知识，有一定的SAS/Base使用经验，能进行基础的数据预处理、统计分析等工作；5、 工作认真、细致、踏实，适应短期出差；6、 最好是应届生，毕业后可留用
立信(重庆)数据科技股份有限公司,数据分析员（银川）,五险一金/年底双薪/绩效奖金,CZ628093580,100-499人,3千-6千,银川,本科,1-3年,上市公司,http://company.zhaopin.com/CZ628093580.htm,http://jobs.zhaopin.com/CC628093585J00348232407.htm,数据分析员（银川）,CC628093585J00348232407,886,兴庆区,1,1,工作内容：1、 作为项目成员在项目经理的指导下，完成数据整理和数据分析工作，并撰写相关报告；2、积极参与项目分析方法的讨论，提出自己的观点、建议以及方案。职位要求：1、数学、统计相关专业；2、熟练掌握SQl、熟练掌握EXCEL高级函数；3、具备一定的数据报告、汇报材料等文档及PPT编写能力。4、 了解SAS基本知识，有一定的SAS/Base使用经验，能进行基础的数据预处理、统计分析等工作；5、 工作认真、细致、踏实，适应短期出差；6、 最好是应届生，毕业后可留用
北京林枫科技有限公司,数据库开发实习生,五险一金/带薪年假/每年多次调薪/周末双休/年底双薪/包住,CZ275971580,100-499人,5千-8千,银川,大专,不限,股份制企业,https://special.zhaopin.com/pagepublish/27597158/index.html,http://jobs.zhaopin.com/CC275971580J00181692710.htm,数据库开发实习生,CC275971580J00181692710,886,,1,1, 职位描述： 作为项目成员完成基于数据挖掘/分析的商业咨询项目的部分模块工作； 参与前期项目调研和项目建议书的撰写； 发现新客户和现有客户在数据挖掘项目上的新需求； 相关运营工作等。  职位要求： 能使用数据处理软件如SAS、Python、Excel等进行数据准备、统计分析等工作； 敏锐的数据观察和分析能力，具备利用数据分析解决商业、市场营销、风险问题的能力； 具备快速学习能力，能借助公开资料通过自学快速掌握陌生领域的问题处理方法论； 工作认真、细致、负责，对数据敏感，有钻研精神； 
宁夏益生同和贸易发展有限公司,市场数据运营专员,节日福利/全勤奖/绩效奖金/五险一金/周末双休,CZ461863380,100-499人,4千-6千,银川,大专,1-3年,民营,http://company.zhaopin.com/CZ461863380.htm,http://jobs.zhaopin.com/CC461863380J00420376803.htm,市场数据运营专员,CC461863380J00420376803,886,,1,1,  岗位职责：  1、负责联通项目的需求调研、数据分析、商业分析，通过对移动业务的运营分析，发现运营中存在的问题；   2、对业务部门提出的临时需求展开调研、分析，并提出实现方案；   3、协助数据挖掘模型的构建，并给出评估意见，完善模型；   4、整理编写商业数据分析报告，及时发现和分析其中隐含的变化和问题，为业务发展提供决策支持；   5、对项目各方面的数据分析，处理和研究的工作提供支撑。   任职要求：  1、对数据敏感，对商业问题敏感；   2、需要有数理统计基础；   3、熟悉SQL/PLUS 语言；   4、除EXCEL 外，至少熟悉一种数据分析软件，如：SAS、SPSS；   5、使用PPT撰写专业数据分析报告；   6、最好了解电信、联通、移动运营商业务知识。
华院分析技术（上海）有限公司,数据分析师,五险一金/餐补/交通补助/通讯补助/定期体检/补充医疗保险/带薪年假,CZ120153890,100-499人,4千-6千,银川,本科,无经验,合资,http://company.zhaopin.com/P10/CC1201/5389/CC120153892.htm,http://jobs.zhaopin.com/CC120153892J00238737706.htm,数据分析师,CC120153892J00238737706,886,,1,1,岗位职责：1、负责市场研究项目前期方案撰写、问卷设计；2、负责研究项目整体管控、数据分析及研究报告的撰定及讲解；3、负责在项目管控中与客户的沟通。任职资格：1、本科及以上学历，统计学、社会学、经济学、心理学、市场营销等专业毕业，有市场调查、数据分析工作经验者尤佳；2、能协助进行抽样与问卷设计，精通1种及以上统计分析工具软件，如SPSS、SAS等；3、数据分析能力强，有独立的报告撰写能力；4、精通使用Windows Office下的各种办公软件，尤其是excel和ppt 的运用；5、具备良好的沟通、表达能力；6、能承受较大的工作压力。
北京林枫科技有限公司,数据库开发实习生,五险一金/带薪年假/每年多次调薪/周末双休/年底双薪/包住,CZ275971580,100-499人,5千-8千,银川,大专,不限,股份制企业,https://special.zhaopin.com/pagepublish/27597158/index.html,http://jobs.zhaopin.com/CC275971580J00181692710.htm,数据库开发实习生,CC275971580J00181692710,886,,1,1,岗位职责：1、负责数据库规划、数据库监控、数据库优化、备份工作。2、负责数据仓库底层业务数据的汇总、数据标签化处理工作。3、负责配合提取数据挖掘与数据分析师，提取所需数据。4、能够分析客户需求，并提供经营分析、策略分析过程中的数据解决方案，配合客户统计工作。 任职要求：1. 至少两年以上电信行业业务经验（BI/Billing/CRM)； 2. 精通数据库语言sql，存储过程编写；3. 熟悉linux脚本和常用命令； 4. 有大数据工作经验，熟悉通信行业相关业务者优先。
立信(重庆)数据科技股份有限公司,数据分析员（银川）,五险一金/年底双薪/绩效奖金,CZ628093580,100-499人,3千-6千,银川,本科,1-3年,上市公司,http://company.zhaopin.com/CZ628093580.htm,http://jobs.zhaopin.com/CC628093585J00348232407.htm,数据分析员（银川）,CC628093585J00348232407,886,兴庆区,1,1,岗位职责：1.根据大数据分析、风险视图等基础，进行风险模型开发、风险标签创建；2.担任稽核项目的主审工作，负责稽核项目的现场组织和开展，完成分派的审计任务并指导和跟踪助审工作情况，协助控制稽核项目质量；3.撰写稽核方案（含制度学习和掌握、检查手段及抽样方法制订、IT数据清单设计等）；4.稽核报告的起草，稽核结果的归纳、分析与反馈；5.机构存在问题的成因分析及对策的研究；6.根据外部监管和信息披露要求，具体开展内部控制评价及其他专项检查及报告工作；岗位要求：1.统招本科以上学历（有学位证书），统计、信息与计算科学、计算机科学与技术，软件工程、数学与应用数学等相关专业毕业（熟悉SQL、Hive SQL、R、Python、SAS中至少一种）；2.往届生，工作经历应主要从事互联网公司审计、金融企业IT稽核审计、数据分析工作，熟悉计算机语言及运用、数据库管理、统计工具应用；3.应届生，需有较扎实的计算机、数据理论基础，大学期间有建模、数据分析等实习经历尤佳，有较好的逻辑思维、沟通、表达能力；
,,,,,,,,,,,,,,,,,,一、岗位要求： 1、性别不限，大专及以上学历，数学、计算机、统计、软件等相关专业毕业； 2、掌握数据分析基本理论，熟悉数据挖掘常用算法、会构建基本模型、会爬取数据者优先； 3、能够熟练使用Python、Java、C++等至少一种语言或SAS、R、MATLAB等至少一种软件； 4、会SQL数据库者优先。 二、岗位职责： 1、整理业务相关的数据需求，建立业务数据模型； 2、负责部门层面的业务分析工作，独立完成数据的提取、清洗和分析，并编制分析报告，提出业务上的改进建议。
江西济民可信集团有限公司,产业布局战略经理,节日福利/五险一金/包住/通讯补助/定期体检/免费班车/员工旅游/高温补贴,CZ120145010,10000人以上,2万-3万,上海,本科,3-5年,民营,http://special.zhaopin.com/pagepublish/12014501/index.html,http://jobs.zhaopin.com/CC120145018J00339329006.htm,产业布局战略经理,CC120145018J00339329006,538,,1,1,  能力要求：协助首席分析师制定计划，并彻底贯彻方案；执行产业图谱生产，能够对方案的制定提供建议，对执行过程进行检查  岗位描述  1、负责产业图谱的数据规划，设计图谱数据内容和结构，确定加工规则，输出规划文档  2、负责中资海外并购交易案例及相关公司的信息搜集、打标签、录入数据库  3、收集外部客户和内部领导同事反馈，优化数据结构
成都西南人瑞人力资源服务有限公司,数据分析经理/主管,房补/餐补/交通补助/带薪年假/绩效奖金/出国游/五险一金/补充医疗保险,CZ529687280,500-999人,2万-3.5万,上海,本科,5-10年,股份制企业,http://company.zhaopin.com/CZ529687280.htm,http://jobs.zhaopin.com/CC529687282J00483774601.htm,数据分析经理/主管,CC529687282J00483774601,538,黄浦区,1,1,工作内容： 1. 负责对各种业务数据进行收集、整理、分析，给出业务分析报告； 2. 负责销售业绩的整理及统计，核算销售奖金提成； 3. 跟进推广项目进度，进行过程监控及效果验收评估，及时发现推广的问题所在； 4. 进行业务流程优化、效率提升、转化率提升建议； 岗位要求： 1. 大专及以上学历，半年以上工作经验，学习认真，真诚考虑数据分析职业路线的无经验者亦可； 2. 熟悉office办公软件；3. 具备优秀的协调沟通能力，能协调内外部资源与他人合作达达成。
仲利国际租赁有限公司,数据库工程师（上海）,五险一金/年终分红/餐补/带薪年假/补充医疗保险/员工旅游/14薪/定期体检,CZ130614350,1000-9999人,8千-1万,上海,本科,1-3年,外商独资,http://special.zhaopin.com/sh/2009/zlgj112519/index.html,http://jobs.zhaopin.com/CC130614358J00229612504.htm,数据库工程师（上海）,CC130614358J00229612504,538,长宁区,1,1,职责描述：1、配合数据分析师工作，通过数据分析手段为业务运营提供数据支持服务；2、根据数据分析模型，为采购、营销、运营等业务，提供具有指导意义的数据报告；3、使用公司数据产品，对数据产品进行可用性验证，提供业务人员使用的支持服务。任职要求：1、数学、统计学等相关专业毕业；2、对数据敏感，洞察能力强； 3、熟练使用office办公软件； 4、较强的逻辑分析和文案能力，良好的内外部沟通能力； 5、具备良好的团队管理和沟通合作能力。
江西济民可信集团有限公司,产业布局战略经理,节日福利/五险一金/包住/通讯补助/定期体检/免费班车/员工旅游/高温补贴,CZ120145010,10000人以上,2万-3万,上海,本科,3-5年,民营,http://special.zhaopin.com/pagepublish/12014501/index.html,http://jobs.zhaopin.com/CC120145018J00339329006.htm,产业布局战略经理,CC120145018J00339329006,538,,1,1,职位描述1）负责产品数据资源的收集、整理、储存以及管理工作，熟练使用EXCEL（函数和VBA）（或者SQL、Python等工具）对数据进行提取、整理工作；2）具备业务敏感度和数据思维，能够较好的理解用户需求、业务场景和流程、数据应用场景等，利用统计学和数据分析工具解决实际业务中的运营指标体系监控，市场分析，竞品分析，用户分析，业务洞察等工作；3）参与项目的数据应用需求调研工作，包括用户调研，价格测试，产品体验调研，需求调研，用户访谈等用户研究工作。4）参与项目推进过程中的业务优化，能够结合分析报告和调研报告，为相关业务提供可落地的决策意见和执行方案。任职要求1、2年以上互联网从业经验，1年以上数据分析工作经验；2、本科以上学历，统计学/计算机/市场营销学/心理学等专业优先；3、熟练掌握Office办公软件，会使用Xmind/Visio等沟通软件。至少熟练掌握EXCEL/SPSS/Python等其中一门数据分析工具；4、具备一定的数据编程语言基础，能够使用Python爬虫，抓取并整理数据（加分项）；5、具备有一定数据可视化分析能力（会用POWER BI/Tableau等可视化软件）（加分项）；6、拥有良好的业务SENSE，优秀的沟通能力，学习能力，和团队合作沟通能力，工作以结果为导向，自我价值驱动，能够积极主动的发现问题，思考问题和解决问题。    工作弹性作息时间做六休一，星期一至星期五每天工作7.5个小时，星期六工作6个小时；公司根据行业实际情况长假期分布图，转正后享受每年假期含年假：7月份长假期7天，国庆节长假期7天，元旦长假期5天，春节长假期9天。  
上海联恩贸易发展有限公司,数据银行业务顾问(专家),补充医疗保险/带薪年假/定期体检/员工旅游/节日福利/绩效奖金,CZ226301410,100-499人,1万-2万,上海,本科,3-5年,民营,http://company.zhaopin.com/CZ226301410.htm,http://jobs.zhaopin.com/CC226301417J00313347606.htm,数据银行业务顾问(专家),CC226301417J00313347606,538,,1,1,岗位职责：1、参与业务需求调研过程，为售前售后工作提供各种数据支持；2、协助完成CRM产品中数据分析模块的规划、设计，以及持续的改进、完善等工作；3、负责对会员相关数据进行深度分析和挖掘，为产品研发提供线索；4、和各部门沟通协调，解答数据相关问题。任职要求：1、2年及以上数据分析相关工作经验，统计学，数学，计算机，经济学等专业本科及以上学历；2、熟练使用Excel、PPT、SQL，具有独立撰写分析报告的能力；3、熟悉SPSS/SAS/R/Python，有数据分析、挖掘、清洗和建模的经验优先；4、具有清晰缜密的逻辑思维，能够独立分析调研；5、有CRM、服装、零售行业数据分析工作经验优先考虑。
江西济民可信集团有限公司,产业布局战略经理,节日福利/五险一金/包住/通讯补助/定期体检/免费班车/员工旅游/高温补贴,CZ120145010,10000人以上,2万-3万,上海,本科,3-5年,民营,http://special.zhaopin.com/pagepublish/12014501/index.html,http://jobs.zhaopin.com/CC120145018J00339329006.htm,产业布局战略经理,CC120145018J00339329006,538,,1,1,1.负责零售的产品、会员、供应链的指标建立以及数据体系搭建和优化；2.负责数据报表的制作，并进行常态的监控，推动数据平台的完善(Temp BI)；3.及时对业务进行分入分析，发现业务中存在的问题，并提供改进意见；4.根据具体业务问题，提供专项的数据分析报告；5.了解常用数据挖掘算法(如分类、聚类、回归、关联规则等)，具备相关项目经验优先；6.完成领导交代的其他任务；任职要求：1、本科以上学历，理工科专业，2年以上相关工作经验；2、熟练掌握SQL，熟悉Python、Oracle、R等数据库/语言；3、熟练使用Excel、PPT、Tableau、PowerBI、TempBI等商业BI工具；4、熟练使用X-mind制作各种思维导图；5、有很强的责任感，良好的团队意识， 有良好的数据敏感度、数据分析能力和思维， 具备较强的自学能力和良好的沟通协调能力。
上海联恩贸易发展有限公司,数据分析工程师,补充医疗保险/带薪年假/定期体检/员工旅游/节日福利/绩效奖金,CZ226301410,100-499人,8千-1.5万,上海,本科,1年以下,民营,http://company.zhaopin.com/CZ226301410.htm,http://jobs.zhaopin.com/CC226301417J00313355006.htm,数据分析工程师,CC226301417J00313355006,538,,1,1,岗位职责：1.按业务策略搭建报表体系，为业务部门提供数据分析报告；2.负责系统报表和数据项目的需求分析、跟进、测试和上线，提升业务部门数据化管理水平；3.通过常规报表监控和深入数据分析，发现业务问题并提供解决方案；4.负责业务项目专题分析，提供有效的决策建议，并推动方案落地和后续监控。职业：1.全日制本科或以上学历，统计学、数学、信息管理、计算机等专业，三年以上数据分析相关工作经验；2.出色的逻辑思维能力，了解常用的数据分析方法并能在实际工作中灵活运用，具备分析问题和解决问题的能力，能独立搭建业务模型；3.精通数据处理，熟悉数据库知识，VBA、SQL熟练者优先；4.工作态度严谨认真，自驱力强并拥有优秀的沟通能力和团队协作精神。
上海忠铭商贸有限公司,市场销售数据统计助理,五险一金/带薪年假/餐补,CZ371247930,20-99人,5千-8千,上海,大专,不限,民营,http://company.zhaopin.com/CZ371247930.htm,http://jobs.zhaopin.com/371247933250036.htm,市场销售数据统计助理,CC371247933J90250036000,538,,1,1,"工作职责:1根据公司内各业务部门工作需要，对销售趋势、推广效果、产品结构、营销方案、竞店竞品等相关数据进行清洗、分析、监控和评估，产出分析报告或监控仪表盘，对业务活动提出有效建议2针对顾客属性和行为进行分析、归纳，挖掘用户行为特征，搭建会员数据监控体系，对会员营销方案提供建议，提高会员活跃度及复购率3对业务及数据高度敏感，通过对各类内外部数据的分析和挖掘，帮助业务部门捕捉商业机会4独立与各部门数据用户梳理及沟通需求，产出满足需求的数据产品并持续优化5参与各部门主要项目，从数据角度提供建议和效果监测6根据分析需求，梳理新数据需求，协助丰富数据库，提高数据质量完善数据管理体系任职资格:1大学本科及以上;22年以上数据分析相关工作经验，有项目管理经验优先；3较强的分析能力、逻辑思维能力;4学习能力强，能根据工作需要，解决分析过程中遇到的问题，快速学习相应的分析方法，数据应用和简单的开发工具；5熟练的EXCEL，Tableau，sql应用，熟悉R，python及数据库应用者优先;6熟悉天猫平台及数据工具者优先;7具备良好的沟通协调能力，英语日常听说读写熟练，执行力强，善于团队合作；8热爱运动，有事业心，恪守职业道德，爱岗敬业，保密意识强Responsibility:1According to the data needs of business partners, clean, process, analysis and monitor all kinds of data including sales, marketing, product, promotion, competition, etc. Produce analysis reports and dashboard, provide useful suggestion to business partners2Analysis and dig customer profile and behavior, set up membership data monitor system, provide suggestion to membership management, help improve active and repurchase rate of members3Sensitive to data and business, help partners capture business opportunities through analysis and mining various internal and external data4Communicate data request with business partners independently, provide related data product and continuously improve them5Participate in main project of business partners, provide result monitor and suggestion from data aspect6According to analysis needs, build new data request, assist IT team improve database establishment, data quality and data management systemQualification:1Bachelor’s degree and above,2At least 2 year data analysis experience, project management experience preferred,3Strong analysis skill and logical thinking,4Quick learner, able to solve various difficulties in analysis process, able to master new related analysis method, application and basic development tools,5Solid Excel, Tableau, sql skill; familiar with R, python and database application preferred,6Familiar with Tmall Platform and related data application preferred,7Good Communication skill, good oral and written English, practical, strong execution, team player,8Sports lover, entrepreneur sprite, observe professional ethics, high data secrecy consciousness--------【我们提供】-年轻化的团队，轻松快乐的办公环境和简单的人际关系-扁平化+自组织式管理，相信每位员工，赋能于每位员工-完善的职业和工作技能培训体系，让你发现和提升更好的自己-4000O健身中心和10000O运动场，让你一周五天运动不重样-每月团建活动， 12天带薪年假，让你充分劳逸结合-指定的职业成长教练（经理），时刻关注和跟进你的成长-每年度的薪资调整机会，让你的价值得到充分认可…...如果你热爱运动热爱生活，如果你想体验逾40年法企的工作氛围，如果你想以主人翁的角色工作，如果你对电子商务很感兴趣，如果你富有责任心，是个实干家，同时你也充满活力，是个梦想者，如果你希望认识一群有趣并热爱运动的年轻人，请到这里来！"
上海联恩贸易发展有限公司,CRM 营销顾问(专家),补充医疗保险/带薪年假/定期体检/员工旅游/节日福利/绩效奖金,CZ226301410,100-499人,8千-1.6万,上海,本科,3-5年,民营,http://company.zhaopin.com/CZ226301410.htm,http://jobs.zhaopin.com/CC226301417J00313342506.htm,CRM 营销顾问(专家),CC226301417J00313342506,538,,1,1,"Job SummaryThe  Strategic Account  Analyst  is responsible for driving RSi’s adoption and value creation in CPG's .  This position will be based in Loreal and deliver all the customized reporting and apply the new success stories effectively within the Loreal .The role must be comfortable in a range of situations; from training teams in  new products, features, success stories, to implement major internal cross-functional projects to bring increased value or benefit to the Loreal teams.Job Duties Encourage the use of RSi's software applications through demonstrating the value-added capabilities with the end-users.  Users range from supply chain/operations to sales/category management. Create a customer user base and network of contacts to deliver against the programme objectives and the customer contract and making sure we influence as much of the business as possible in a short space of time.  Work with customer teams to identify their key business needs and develop reporting that assist our customers with meeting their goals.  Delivery outstanding service/reporting to all RSi stakeholders. From the analyst using the software to manager who need to understand the value created from the processes. Share best practices and successes around the customer teams.  Track and manage all customer requests and response in a timely manner. Delivery of written and verbal communications while upholding RSi’s Service Standards and Philosophy both internally and with customers Research and diagnose incoming customer inquiries regarding data Provide functional support of inquiries related to RSI productsJob Requirements University degree, preferably in Business, Supply Chain Management  with relevant CPG or  Retail experience in supply chain, operations and/or category management Proficiency in Microsoft Applications, particularly Excel ,PowerBI, Tableau, or other data analysis software is a must  Good presentation, oral and written communication skills  Good people skills and ability to build  relationships with  contacts in Loreal Team-player, positive attitude and flexible Experience leveraging software to report on retail point-of-sale and syndicated data (e.g. Neilson and IRI) is favorable  Experience delivering quality customized reporting"
上海联恩贸易发展有限公司,数据营销专家(经理),五险一金/全勤奖/包吃/定期体检/补充医疗保险/员工旅游/节日福利,CZ226301410,100-499人,1.5万-2.5万,上海,本科,5-10年,民营,http://company.zhaopin.com/CZ226301410.htm,http://jobs.zhaopin.com/CC226301417J00325429606.htm,数据营销专家(经理),CC226301417J00325429606,538,,1,1,职责描述：  1、负责建立获客、营销等方面的数据分析模型，并持续进行评估和优化； 2、对零售银行重点业务和产品展开分析，提供业务所需要的各类分析数据及洞察报告；  3、利用数据挖掘技术及分析方法，构建客户画像及客户行为分析挖掘体系； 4、为业务部门及团队开发相关业务管理报表； 5、为业务部门提供获客、营销等相关的建设性建议，将数据分析洞察转化为可执行的操作方案； 6、负责向高级管理层、业务部门、分支机构等提供有效数据信息，为决策层提供数据支持及决策依据。   任职资格: 1、具备5年以上金融机构数据分析从业经验，具备线上获客及营销相关经验者优先； 2、了解零售银行相关产品及服务； 3、熟系SAS， R、Python等一种或多种统计分析工具； 4、熟系AI相关技术和分析模型的建立； 5、 对数字敏感，有较强的数据分析和判断能力；  6、具备优秀的沟通能力，逻辑思维能力强，学习能力强，有钻研精神。富有工作激情。 
仲利国际租赁有限公司,数据库工程师（上海）,五险一金/年终分红/餐补/带薪年假/补充医疗保险/员工旅游/14薪/定期体检,CZ130614350,1000-9999人,8千-1万,上海,本科,1-3年,外商独资,http://special.zhaopin.com/sh/2009/zlgj112519/index.html,http://jobs.zhaopin.com/CC130614358J00229612504.htm,数据库工程师（上海）,CC130614358J00229612504,538,长宁区,1,1,  基本薪资：30-35K（面试定薪），五险一金+行政班+12天带薪病假、年假+节日福利等等。    岗位职责： 全面负责制作、整理、汇总、分析客服部各种相关数据报表，创建和完善客服部数据分析体系，协助上级领导处理各项数据事务。    岗位要求：  1. 本科及以上学历，数学或统计学相关专业，5年以上工作经历，且有1年以上客服/呼叫中心/电商数据分析相关经验；  2. 熟练运用WORD/EXCEL/PPT/VISIO等软件，熟悉Excel函数公式及数据透视表使用并制作各类报表；  3. 具备数据统计整合工作经验 ，对互联网电商或金融行业有一定的认知和理解；  4. 具备较强的数据分析及处理能力，能够熟练运用Excel、PPT软件，特别是公式及函数运用，能够制作专业数据分析报表及汇报PPT；  5. 对数据敏感、逻辑性强，分析问题客观有依据；  6. 具备较强的抗压能力、沟通表达能力，能够在工作中独挡一面；  7. 诚信正直、积极主动、做事细心。
亿翰股份,战略咨询顾问管培生―应届毕业生,每年多次调薪/五险一金/绩效奖金/弹性工作/定期体检/节日福利,CZ446027420,100-499人,7千-1万,上海,本科,不限,上市公司,http://company.zhaopin.com/CZ446027420.htm,http://jobs.zhaopin.com/446027426250090.htm,战略咨询顾问管培生―应届毕业生,CC446027426J90250090000,538,静安区,1,1,岗位职责：1）基础数据支持：基于特定业务需求，开发SQL查询代码，从数据后台提取数据并交付到业务方。2）自动化邮件报表开发：针对常态化数据需求，开发定时任务及邮件报表，实现数据自动日推。3）算法开发：基于业务数据计算逻辑，设计算法，开发SQL(Python)代码，实现指标计算过程自动化。4）业务建模：梳理业务逻辑，抽象业务规则，构建业务模型，优化业务处理过程，模型可调参。5）分析项目协作：参与项目式分析，提供数据支持，分析结论及建议。胜任能力：1）本科以上，统计学，计算机，信息管理专业。2）熟悉Excel数据处理，数据透视，图表，公式及函数。3）熟练掌握T-SQL，熟悉Postgre优先。4）熟练掌握Python，Pandas，Matplot，掌握聚类，回归，决策树，神经网络，深度学习等机器学习方法及应用优先。
上海联恩贸易发展有限公司,数据营销专家(经理),五险一金/全勤奖/包吃/定期体检/补充医疗保险/员工旅游/节日福利,CZ226301410,100-499人,1.5万-2.5万,上海,本科,5-10年,民营,http://company.zhaopin.com/CZ226301410.htm,http://jobs.zhaopin.com/CC226301417J00325429606.htm,数据营销专家(经理),CC226301417J00325429606,538,,1,1,将要做什么↓1、深入了解业务和项目，构建业务分析维度和逻辑；2、根据业务的需要，进行数据报表开发，提供业务的数据报表；3、整理项目中所需的项目文档，结合业务需求及时更新、完善数据，优化已有报表，提升数据质量；4、用tableau对需要分析的数据进行可视化展现。需要哪些能力↓1、2年以上数据分析工作经验，统招本科及以上学历，应用数学、统计学或计算机专业毕业；2、加分项：2年以上tableau或其他BI软件使用经验；已取得tableau证书认证者优先；3、熟练使用Excel中的函数以及透视表，掌握SQL语句，有数据库使用经验；4、对BI及数据可视化感兴趣，对数据敏感，熟悉各类数据分析方法；5、出色的逻辑思维能力、学习能力，具有优秀的团队合作精神。优阅达DKM面试技能检验：本岗位面试人员需要下载公司产品并进行尝试操作，面试环节将检验面试者对基础产品的学习程度最新产品下载链接 http://www.tableau.com/partner-trial?id=33616在线技术学习QQ群：*********
亿翰股份,战略咨询顾问管培生―应届毕业生,每年多次调薪/五险一金/绩效奖金/弹性工作/定期体检/节日福利,CZ446027420,100-499人,7千-1万,上海,本科,不限,上市公司,http://company.zhaopin.com/CZ446027420.htm,http://jobs.zhaopin.com/446027426250090.htm,战略咨询顾问管培生―应届毕业生,CC446027426J90250090000,538,静安区,1,1,职位描述： 1、分析用户来源、行为路径、转化率、留存等运营核心数据，给业务提供反馈和建议，为公司运营决策，数字营销、产品、运营等团队提供数据支持；2、与BI团队协作，搭建可视化监控体系，能够及时、准确、完整的呈现公司核心业务线的运营情况；3、通过对数据的敏锐洞察以及定性和定量的专题分析，迅速定位内部问题、发现潜在机会，并提出解决方案，推动落地，拿到结果；4、沉淀分析思路与框架，建立完善的能反应业务特征的指标监控体系，推动业务数字化，并基于业务指标监控体系，能及时发现与定位业务问题，并协调资源进行跟踪和深入分析，推动解决问题；5、与业务团队协作，深入业务，挖掘深度价值，输出业务提升策略，帮助改善业务问题、提升业务效率；6、从战略上深刻理解业务，发现业务增长机会，并沉淀业务和数据能力，赋能团队。   岗位要求：  1、本科及以上学历，统计、数学、社会学或计算机等相关专业；  2、3年以上互联网公司数据中心/行业分析/咨询/市场/CRM/ERP研究经验，能独立开展项目；  3、熟练掌握定性、定量研究方法，精通SQL语言，有大量日常SQL查询经验，熟练使用Excel、PPT、tableau 、PowerBI 等数据处理和分析工具，对数据可视化有解决方案经验；  4、至少熟悉一种数据开发语言Python，Java，Scala，R，Javascript等；  5、优秀的信息搜集、数据分析、撰写报告及结构化的分析思考能力对商业和业务逻辑敏感，具备良好的逻辑分析能力和系统性思维能力， 表达清晰严谨，能够与团队及跨部门高效合作。   6、认真负责，具有较强到沟通能力和协调能力，有教育培训行业经验背景优先
陕西中鑫环汇商务咨询有限公司,4-8k 金融分析师 非销售双休+五险一金,五险一金/年底双薪/带薪年假/绩效奖金/年终分红/全勤奖/通讯补助/弹性工作,CZ863805090,100-499人,4千-8千,西安,大专,无经验,民营,http://company.zhaopin.com/CZ863805090.htm,http://jobs.zhaopin.com/CC863805090J00236397706.htm,4-8k 金融分析师 非销售双休+五险一金,CC863805090J00236397706,854,曲江新区,1,1,任职要求：1、五官端正，性格开朗，善于沟通；2、学历不限、专业不限、经验不限；3、认同公司的发展理念，愿意与公司共同发展，具有很强的工作责任心和团队合作精神。岗位职责：1、协助分析师搜集相关信息，为相关需求者提供更准确的信息；2、对基本面、技术面进行分析研究，为相关部门提供有价值的信息；3、有团队合作精神，有责任心，性格活泼开朗，工作踏实。薪资待遇：1、底薪5k-8k加全勤加奖金、五险一金、朝九晚五、周末双休；2、每年不定期多次带薪休假，每月享有带薪病假，休息时也会有工资拿；3、有竞争力薪酬：每年都有年度调薪，优秀的你有获得额外调薪机会。
陕西星海汽车销售有限公司,金融专员+五险+高薪,五险一金/包吃/全勤奖/员工旅游,CZ823225790,20-99人,4千-6千,西安,大专,1-3年,民营,http://company.zhaopin.com/CZ823225790.htm,http://jobs.zhaopin.com/CC823225790J00323710204.htm,金融专员+五险+高薪,CC823225790J00323710204,854,,1,1,任职要求：1、年龄：20-45岁，五官端正，性格开朗，善于沟通，2、学历不限、专业不限、经验不限，免费提供岗前培训有经验者、金融相关专业者、有金融从业相关证件者优先录取3、退伍军人和应届毕业生优先录取。4、热爱金融行业，有励志于长期发展这个行业的意愿。5、认同公司的发展理念，愿意与公司共同发展，具有很强的工作责任心和团队合作精神。岗位职责：1、协助分析师搜集行业相关信息，为相关需求者提供更准确的信息。2、协助部门经理完善部门管理制度。3、协助数据分析师进行演讲讲座，定期为需求者讲解金融二级市场最新趋势，以及对需求者进行交易分析4、对基本面、技术面进行分析研究，给出行情走势分析和判断，撰写研究报告上交公司，5、分析市场行情走势，为相关部门提供有价值的信息薪资待遇：1、底薪5k-8k加全勤加奖金 五险一金 朝九晚五 周末双休2、每年不定期多次带薪休假，每月享有带薪病假，休息时也会有工资拿；3、弹性的工作时间，让你工作自由安排；提供各种高大上下午茶及零食；4、公司每年组织员工境外或境内旅游，专属每位员工的生日派对、礼物
太原学易教育培训学校,课程顾问（无责任底薪+高提成+五险+住宿）,五险一金/绩效奖金/全勤奖/包住/带薪年假/员工旅游/节日福利,CZ348160010,100-499人,5千-1万,太原,大专,不限,民营,http://special.zhaopin.com/pagepublish/34816001/index.html,http://jobs.zhaopin.com/348160011250139.htm,课程顾问（无责任底薪+高提成+五险+住宿）,CC348160011J90250139000,576,,1,1,岗位职责：1、分析搜集行业相关信息，分析行情走势；2、分析对基本面、技术面进行分析研究，给出行情走势分析和判断；3、丰富市场分析能力，做出每日分析计划，熟练掌握各种分析技术；薪资待遇：1、底薪6000+（20%-40%）岗位分红2、上班时间（9:00――18:00）3、五险一金，做五休二，无需加班，弹性工作任职要求：1、年龄20-35岁，五官端正，普通话标准，性格开朗，善于沟通；2、具备一定的学习能力、执行能力、能够迅速熟练使用公司的办公软件；3、可接受公司提供的统一入职培训；4、团结同事，不怕吃苦，有较强的抗压能力（针对于自信、想挑战的）；5、能及时、准确、圆满、出色的完成本职工作以及领导交给的其它工作；6、工作细致认真，谨慎细心，责任心强，有工作激情。
弘历软件,证券软件销售,包住/带薪年假/绩效奖金/员工旅游/每年多次调薪/项目奖金/定期团建/公司重点项目,CZ151631710,100-499人,8千-1万,太原,本科,不限,民营,http://company.zhaopin.com/CZ151631710.htm,http://jobs.zhaopin.com/CC151631712J00221466411.htm,证券软件销售,CC151631712J00221466411,576,,1,1,"【岗位职责】1、对市场价格，成交量，仓位，经济数据进行统计，分析走势，完成数据报表制作。2、按照部门主管的要求进行技术和基本面规律的分析，研判。3、配合其它部门有关工作。4、遵守公司的各项管理制度，承办领导交办的其他工作。【岗位要求】1、23-35周岁,大专及以上学历;性别不限、专业不限。2、性格开朗，诚实守信、踏实勤奋，工作积极主动。3、沟通表达能力强，较强的团队意识和协作精神。4、能承受较强的工作压力,且有强烈的上进心。【薪资待遇】底薪6K+周末双休+五险一金+不加班+广阔的晋升空间"
成都思瑞特商贸有限公司,挑战高薪交易员,五险一金/弹性工作,CZ453442120,20-99人,8千-1万,成都,大专,不限,民营,http://special.zhaopin.com/pagepublish/45344212/index.html,http://jobs.zhaopin.com/CC453442123J00346992202.htm,挑战高薪交易员,CC453442123J00346992202,801,金牛区,1,1,职位描述   严格执行公司的规章制度，完成团队各项工作指标  对各项数据进行采集、统计、并完成专业分析  为公司的风险控制提供数据支持  对技术面进行分析研究，给出行情走势分析和判断 任职要求   专科以上学历，专业不限  较好的行业行情研究能力，对市场信息反应敏锐  热爱金融行业，励志于长期在金融行业发展  学习能力强，沟通能力强  能够熟练地操作电脑以及office办公软件 福利待遇   底薪6k-12k+提成+全勤+岗位分红+五险一金  朝九晚五点半、周末双休、法定节假日  公司不定期组织团建  完整的晋升空间、  带薪病假、年假、产假 
成都小龙坎餐饮管理有限公司,战略管理/行业研究主管,五险一金/绩效奖金/年终分红/定期体检/全勤奖/带薪年假/年底双薪/包吃,CZ367975980,1000-9999人,6.5千-8千,成都,本科,1-3年,民营,http://company.zhaopin.com/CZ367975980.htm,http://jobs.zhaopin.com/CC367975982J00427622807.htm,战略管理/行业研究主管,CC367975982J00427622807,801,锦江区,1,1,岗位职责1、时刻关注市场变动和相关重要资讯;2、有强大的数据运算能力及宏观经济数据分析能力；3、按照部门主管的要求进行技术和基本面规律的分析，进行数据的搜集或整理；4、严格执行公司各项制度，并定期整理交易数据，向上级领导账户分析结果。 岗位要求1、大专及以上学历，人品端正，谦虚好学，富有团队精神，性格果断自信，接受新事物能力强，敢于面对挑战，可承受较 大心理压力；2、有一定的互联网金融工作经验，对互联网金融产品和服务兴趣浓厚；3、具备极强的风险意识与责任心，有良好的应变能力；4、具有清晰的系统思维逻辑，对解决行业实际问题有浓厚兴趣；5、良好的沟通和分析问题与解决问题能力。 福利待遇1、底薪6K-1W5+提成+全勤奖+岗位分红+五险一金；2、朝九晚五点半，周末双休、法定节假日；3、带薪培训，绝不收取任何费用；4、公司不定期组织团建；5、正式入职后若有上网条件，工作时间和地点可自由分。
成都灿谷汽车服务有限公司,管培生 （办公室方向+双休）,五险一金/绩效奖金/带薪年假/补充医疗保险/高温补贴/定期体检,CZ321574430,100-499人,6千-8千,成都,本科,1-3年,合资,http://company.zhaopin.com/CZ321574430.htm,http://jobs.zhaopin.com/CC321574439J00322843104.htm,管培生 （办公室方向+双休）,CC321574439J00322843104,801,金牛区,1,1,  一、岗位职责   1、负责团队业务、人员、产品指标建立及数据体系搭建，以衡量运营能力；  2、负责团队数据报表的制作，并进行常态监控，推动数据平台的完善；  3、及时对数据进行深入分析，深入业务发现问题并提出改进意见，参与推动团队改善；  4、根据团队需求，提供专项数据分析报告；  5、训练业务团队数据理解与数据沟通能力；   二、任职要求  1、2年以上数据分析工作，有客服或销售团队数据经验者优先；  2、本科及以上学历，统计学或数学相关专业；  3、熟练运营excel进行数据统计、报表制作、分析；  4、具备sql技能将优先考虑；  5、具备较强逻辑思维，问题分析与解决能力；  6、具备良好的跨团队合作及沟通学习能力，具备0到1的能力；
东恒祥和祥(成都)信息科技有限公司,外贸业务员,,CZ872294410,100-499人,4千-6千,成都,大专,1年以下,合资,http://company.zhaopin.com/CZ872294410.htm,http://jobs.zhaopin.com/CC872294410J00334533602.htm,外贸业务员,CC872294410J00334533602,801,,1,1,这是一份极具挑战性的工作，作为新兴产业的热门行业，我们需要沉稳，有耐心，对国际新闻消息和外汇市场有一定的敏感度的伙伴，如果你的技术欠缺，没有关系，我们将提供前期的免费培训，带你认知，了解国际货币和国际新闻。相信不久的将来我们将会拥有更多的数据分析师和外汇交易大神！岗位详细描述及要求一、1、负责公司提供的大账户的资金运作。2、把握市场机会，实时交易，使账户达到稳定盈利。3、专业不限，（金融专业优先）。4、 人品端正，谦虚好学，自信果敢。5、对金融市场有浓厚的兴趣，有股票、期货等投资经验者优先。对金融或投资领域有兴趣者，应届毕业生也可以有机会6、有其他工作经历，但不满足于现状，想对金融投资做尝试和了解者;7、有投资经历，但困惑却无解决之道，愿意来公司沟通互补交流者;8、对于金融如股票、期货、贵金属、外汇感兴趣，敢于迎接挑战，有一定的自控力，承受能力者。二、薪资待遇:初级：底薪6K+20%提成或***提成30%中级：底薪8K+30%提成或***提成40%高级：底薪12K+40%提成或***提成50%三、工作内容:1.管理和运作公司内部自有资金账户。2.有效进行风险控制，通过在全球外汇市场中进行实盘交易来获得利润。3.关注公司账户操作品种价格的变动以及国际相关资讯，上传下达。四、任职要求:1.良好的逻辑思路能力，期间参与过金融市场调研或者参加过相关的如外汇、股票、期货等金融产品培训机构者优先考虑;2.国际金融专业及有实盘操作经验者优先考虑;3.自我管理能力强，严格按照公司规定流程执行;专业不限，金融专业优先。4.人品端正，谦虚好学，自信果敢。
北京永洪商智科技有限公司,大数据架构师,五险一金/年底双薪/餐补/带薪年假/弹性工作/周末双休/大牛带队,CZ466596620,100-499人,2万-3万,成都,本科,5-10年,民营,http://company.zhaopin.com/%E5%8C%97%E4%BA%AC%E6%B0%B8%E6%B4%AA%E5%95%86%E6%99%BA%E7%A7%91%E6%8A%80%E6%9C%89%E9%99%90%E5%85%AC%E5%8F%B8_CC466596626.htm,http://jobs.zhaopin.com/CC466596626J00186875009.htm,大数据架构师,CC466596626J00186875009,801,,1,1,"职位描述：  对于金融资料的收集、整理、汇总、上报。 对到手的资料进行第一手的剖析，并给出自己对到手资料的理解。 任职资格： 1 大专及以上学历，有较好的学习能力， 2 良好的沟通能力，团队合作能力，工作认真负责 3 有相关工作经验者，金融学相关知识者优先 福利情况： 1 6000无责底薪， 随个人能力提升底薪在1,0000到15000不等，盈利提成20%―40%，3个月为一个晋升周期，我们提供的是浮动工资，让您得到应有的报酬 2 公司组织免费的人才培训，为你的成长添砖加瓦 3 入职即签订劳动合同，办理五险一金，免除您的后顾之忧 4 工作时间 朝九晚六 周末双休 杜绝加班， 同时享有法定节假日，工作娱乐两不误 5 公司位于市中心,交通便利，设施完备，节省你的时间，满足你的生活需求 6 公司为你提供相应资金，公司承担风险，公司为你保驾护航3个月，让你更快的适应工作"
成都小龙坎餐饮管理有限公司,战略管理/行业研究主管,五险一金/绩效奖金/年终分红/定期体检/全勤奖/带薪年假/年底双薪/包吃,CZ367975980,1000-9999人,6.5千-8千,成都,本科,1-3年,民营,http://company.zhaopin.com/CZ367975980.htm,http://jobs.zhaopin.com/CC367975982J00427622807.htm,战略管理/行业研究主管,CC367975982J00427622807,801,锦江区,1,1,薪资待遇：  1、薪资1W~1.5W+岗位分红+六险+全勤   2、所有员工享受带薪病假、婚假、产假  、年假    3、工作时间朝九晚六，周末双休 ，国家法定节假日照常休假   岗位职责：1、根据行市场形势进行数据分析；2、时刻关注市场的变动和相关重要资讯；3、负责评审、进行数据采集、数据分析，综合评估，4、分析市场需求，编制需求说明书和工作方案；5、其他日常支持工作。任职要求：1.本科以上学历，22-35周岁，有海外留学经验的优先2.对数据敏感，有一定的数据分析能力，对国际贸易动态关注度高3.热爱冒险，喜欢挑战，敢于付出，严格服从公司行政规章制度4.经验不限，前期可以学习，学习能力强者优先
北京永洪商智科技有限公司,大数据架构师,五险一金/年底双薪/餐补/带薪年假/弹性工作/周末双休/大牛带队,CZ466596620,100-499人,2万-3万,成都,本科,5-10年,民营,http://company.zhaopin.com/%E5%8C%97%E4%BA%AC%E6%B0%B8%E6%B4%AA%E5%95%86%E6%99%BA%E7%A7%91%E6%8A%80%E6%9C%89%E9%99%90%E5%85%AC%E5%8F%B8_CC466596626.htm,http://jobs.zhaopin.com/CC466596626J00186875009.htm,大数据架构师,CC466596626J00186875009,801,,1,1,岗位职责1、协助制定销售团队年度、季度、月度计划任务，对任务数据进行核查。 2、追踪销售团队任务完成情况并进行数据分析。 3、对销售数据进行专项分析，编制相关的数据分析报表。 4、原有数据报表的整合、规范和优化，研究改进数据分析的方法，建立自动推送报表机制。 任职要求： 1、本科及以上学历，经济、管理、统计相关专业，有数据分析工作经验者优先，特别优秀的应届生亦可考虑。 2、熟练使用Excel函数及制图、SQL查询数据等工具。熟悉VBA者优先。 3、对工作认真负责，有优秀的逻辑思维能力、沟通能力和团队合作精神。 4、积极主动，学习能力强，善于思考工作中的问题并提出建议。 5、做事细心、耐心，性格沉稳。 薪酬福利： 1、五险一金、周末双休、上午9点下午6点，基本工资3500+绩效奖金； 2、享受带薪年假，国家法定节假日，带薪国内外旅游； 3、公司提供专业的带薪岗前培训； 4、享受5A级写字楼办公环境，全天空调室内办公，每人拥有独立的工作区； 5、集团公司、横向、纵向发展空间大，岗位晋升体系完整且透明。
成都灿谷汽车服务有限公司,管培生 （办公室方向+双休）,五险一金/绩效奖金/带薪年假/补充医疗保险/高温补贴/定期体检,CZ321574430,100-499人,6千-8千,成都,本科,1-3年,合资,http://company.zhaopin.com/CZ321574430.htm,http://jobs.zhaopin.com/CC321574439J00322843104.htm,管培生 （办公室方向+双休）,CC321574439J00322843104,801,金牛区,1,1,推崇八小时工作文化，保证在上班时间内将工作完成，不倒班！！公司福利：1、周末双休，早上9：00-下午5：30，享有国家法定节假日(包含婚产假，春节假期长达半个月左右)；2、购买社保，生日及节假日发放福利。3、舒适的办公室办公环境（甲级写字楼）4、该岗位月平均综合收入构成：基本工资+绩效工资+交通餐饮补贴+工龄工资岗位职责：1、负责对生产部门每日产值作汇总、统计、分析工作；2、对团队生产效率作分析、监督、向领导提供相应的分析报告；3、及时、准确的对内对外提供所需报表。任职要求：1、大专及以上学历；2、熟练使用EXCEL等统计软件，具备数据分析能力；3、严谨的逻辑思维能力、学习能力、语言表达能力；4、具备2年以上通信行业数据处理经验优先；欢迎来电： 13028189498有同行经验者优先，能力优秀者薪资可面谈
成都小龙坎餐饮管理有限公司,战略管理/行业研究主管,五险一金/绩效奖金/年终分红/定期体检/全勤奖/带薪年假/年底双薪/包吃,CZ367975980,1000-9999人,6.5千-8千,成都,本科,1-3年,民营,http://company.zhaopin.com/CZ367975980.htm,http://jobs.zhaopin.com/CC367975982J00427622807.htm,战略管理/行业研究主管,CC367975982J00427622807,801,锦江区,1,1,1. 采集、清理、分析行业竞品数据，周期性输出数据报告；2. 针对异常数据进行预警、解读和挖掘，并提出解决方案；3. 参与构建运营数据指标体系和数据平台，负责数据平台持续优化，输出数据分析报告。4. 根据行业数据情况，发现并输出针对产品方向的优化建议，为提升产品研发效果提供数据支持；  5. 配合上级临时任务安排。  任职要求  1. 良好的英语基础，至少英语四级及以上；  2. 很强的用户数据分析能力，深刻理解用户行为、细分、留存、活跃度、画像等各项分析的指标及方法  3. 有行业数据分析项目经验者优先。  4.有很好的监督事情的能力。  
成都小龙坎餐饮管理有限公司,战略管理/行业研究主管,五险一金/绩效奖金/年终分红/定期体检/全勤奖/带薪年假/年底双薪/包吃,CZ367975980,1000-9999人,6.5千-8千,成都,本科,1-3年,民营,http://company.zhaopin.com/CZ367975980.htm,http://jobs.zhaopin.com/CC367975982J00427622807.htm,战略管理/行业研究主管,CC367975982J00427622807,801,锦江区,1,1,职位描述：      大数据汇总，整合，编排。   配合分析师收集并剖析数据。   对即将到来的数据整理，标注数据发布时间以及重要性并上报。    职位要求：  1 对金融有一定了解，热爱金融行业，工作认真，仔细  2 工作年龄为20-40岁  薪资福利：  1 薪资组合 6000+提成，工作轻松  2 公司有相关培训，让你更好的熟悉相关业务流程  3 朝九晚六，周末双休，节假日正常放假，绝不加班，定期团建，  4 工作地点在市中心，交通便捷  5 完善的晋升机制，三个月一次考核，给予你更大的升职空间  6 全部的管理岗位人员皆从内部提拔，绝无空降  7 生日福利、节假日福利等拿到手软
北京永洪商智科技有限公司,大数据架构师,五险一金/年底双薪/餐补/带薪年假/弹性工作/周末双休/大牛带队,CZ466596620,100-499人,2万-3万,成都,本科,5-10年,民营,http://company.zhaopin.com/%E5%8C%97%E4%BA%AC%E6%B0%B8%E6%B4%AA%E5%95%86%E6%99%BA%E7%A7%91%E6%8A%80%E6%9C%89%E9%99%90%E5%85%AC%E5%8F%B8_CC466596626.htm,http://jobs.zhaopin.com/CC466596626J00186875009.htm,大数据架构师,CC466596626J00186875009,801,,1,1,工作职责：1，参与公司BI项目实施，数据模型设计，构建与发布BI可视化报表和仪表盘2，负责大数据前端展现设计，根据实际场景提出可视化建议3，负责具体数据收集、清洗、加工等开发工作。岗位要求：1，本科以上学历，至少精通一种BI工具，精通Power BI者优先2，有数据分析和数据挖掘工作经验，3C、汽车等行业优先3，半年及以上数据展示经验，良好的数据展示与设计能力4，熟悉SQL语言，熟悉一种数据库（Sql Server优先）5，掌握至少一门数据分析语言工具（SAS R Python SPSS等）6，有一定英文读写基础7，能承受一定的工作压力，有较强学习能力，良好的沟通能力
成都小龙坎餐饮管理有限公司,战略管理/行业研究主管,五险一金/绩效奖金/年终分红/定期体检/全勤奖/带薪年假/年底双薪/包吃,CZ367975980,1000-9999人,6.5千-8千,成都,本科,1-3年,民营,http://company.zhaopin.com/CZ367975980.htm,http://jobs.zhaopin.com/CC367975982J00427622807.htm,战略管理/行业研究主管,CC367975982J00427622807,801,锦江区,1,1,"1、负责市场 P.M.O 流程的执行，以帮助市场在其后 5 年中开发机会的极大优化。2、成为市场的规划实务专家，包括熟练掌握规划流程，方法以及工具，开发术语，营业额预估方法 和工具等，确保在规划工作中的质量标准，确保市场对于总部规划流程的高效执行。3、根据城市的宏观数据以及发展趋势，主要道路，微型市场等的优先排序，以及城市的现有餐厅和竞争对手的表现，合理制定团队的年度规划计划，以帮助制定该市场的 3-1-Q plan4、根据计划，完成优先微型市场的具体规划和机会点寻找，确保 pipeline 的数量和质量,并根据 3 年 内的销售潜力对机会点做优先排序。5、负责当地新餐厅的营业额预估的准确度（EVA），确保以事实为基础的预估方法，如对比餐厅，人 流量测算等方法。6、确保规划报告，Market Quest, 新址报告等的质量，确保数据和信息的完整，准确和更新，以及执行总部的统一格式规范。7、维护当地的地产数据库，包括人口数据，市场数据，现有餐厅数据，以及机会点数据等。确保将完整和准确的数据输入到总部的数据系统中。8、定期回顾新开业的餐厅，从中总结经验，以帮助今后的规划工作并提高营业额预估的准确程度9、负责当地的调查研究项目，如开业前顾客调研，TAS 项目，或者总部要求的其他专题性分析研究。任职要求：1、本科以上学历，统计、应用数学、商业地产相关专业；2、掌握各类规划相关的系统和工具；3、精通数据统计分析数据；4、具备食品、餐饮连锁、房产中介、商业地产工作经验优先考虑。"
北京永洪商智科技有限公司,大数据架构师,五险一金/年底双薪/餐补/带薪年假/弹性工作/周末双休/大牛带队,CZ466596620,100-499人,2万-3万,成都,本科,5-10年,民营,http://company.zhaopin.com/%E5%8C%97%E4%BA%AC%E6%B0%B8%E6%B4%AA%E5%95%86%E6%99%BA%E7%A7%91%E6%8A%80%E6%9C%89%E9%99%90%E5%85%AC%E5%8F%B8_CC466596626.htm,http://jobs.zhaopin.com/CC466596626J00186875009.htm,大数据架构师,CC466596626J00186875009,801,,1,1, 岗位职责： 1.负责各类常规项目数据分析，根据数据分析结果，针对不同用户角色撰写相对应分析报告和设计相关数据统计分析模型； 2.参与定制化项目设计，根据客户需求，挖掘数据信息，针对不同用户角色撰写相对应分析报告和设计相关数据统计分析模型；  任职资格： 1.统计学、应用数学、信息与计算科学、社会学等相关专业本科及以上学历； 2. 2年以上数据分析工作经验，有教育行业数据分析经验者优先； 3.熟悉python、Matlab、powerbi、tableau，有数据统计分析建模经验。 4.注重细节，对数字敏感，逻辑性强，具备快速学习和分析能力。 5.能够适应出差；
四川千凡人工智能科技有限公司,数据新闻分析员,,CZ837150420,20人以下,8千-1万,成都,本科,1-3年,民营,http://company.zhaopin.com/CZ837150420.htm,http://jobs.zhaopin.com/CC837150420J00392203103.htm,数据新闻分析员,CC837150420J00392203103,801,,1,1,岗位职责：1. 负责销售类数据分析工作，根据业务职级要求建立数据预警与监测，进行考核并发现问题；2. 根据业务部销售制度对主管总监进行薪资核算，进行相应的预警和考核；3. 定期追踪业绩及其他关键业绩指标情况，为业务发展提供策略和建议。任职要求：1、大专及以上学历，年龄22-30岁之间，优秀者可放宽要求2、熟练Excel，PPT，了解Tabluea者优先；3、良好的沟通协调、抗压能力，严谨的性格。薪资待遇：1、基本底薪5800＋奖金＋各色福利＋补贴＋年终奖=综合薪资8k-1w；2、入职购买六险一金，节日福利，年底双薪，带薪年假；3、透明公开的晋升机制，公司内部横向、纵向的发展机会；4、国家法定节假日休息，加班会有加班工资，节假日三倍加班工资；5、每年一次全身免费检查（给员工购买多种保险：住院医疗，重大疾病，门诊医疗等）。 
天津(滨海)人工智能军民融合创新中心,数据库工程师(工作地点：长沙）,餐补/补充医疗保险/定期体检/带薪年假,CZ813185770,100-499人,面议,天津,本科,1-3年,事业单位,http://company.zhaopin.com/CZ813185770.htm,http://jobs.zhaopin.com/CC813185770J00199432713.htm,数据库工程师(工作地点：长沙）,CC813185770J00199432713,531,滨海新区,1,1,岗位职责：1、负责运营数据监控，分析用户行为数据，定期效果复盘并给出优化建议；2、负责提供运营决策支持所需数据，进行数据收集、整理与分析工作；3、运用统计学以及数据挖掘相关知识，并使用数据分析工具，对数据进行建模，分析，验证；4、出具统计分析报告以及技术文档，并具有分享和经验总结能力。任职要求：1、具有数理统计、经济学、数据库原理以及相关知识；2、具有一年以上的运营数据分析从业经验，以及优秀的数据分析技能；3、能熟练使用各种应用软件进行数据分析和综合数据处理；4、具有较强的逻辑分析能力和数据敏感性；5、具有高度的责任心，工作认真细致严谨。 
天津九博医院管理有限公司,数据分析师,包吃/包住/节日福利/员工旅游,CZ880761920,1000-9999人,6千-8千,天津,本科,1-3年,民营,http://company.zhaopin.com/CZ880761920.htm,http://jobs.zhaopin.com/CC880761920J00160575210.htm,数据分析师,CC880761920J00160575210,531,河东区,1,1,【岗位名称】 电销运营 【岗位职责】  1、负责电销团队销售运营策略的制订、组织、执行、协调以及在执行过程中的监控和调优，确保电销团队的目标达成（包含产品策略、激励方案、组织协调、及活动方案的制定和落地）； 2、负责电销数据运营工作，定期为产品线业务团队提供数据报告，及时发现业务线存在的风险点； 3、协调销售部门内部及与其他部门间有关销售运营方面的沟通与合作； 4、平台搭建：参与公司CRM、BI、分析工具等平台和工具的建立和完善，将业务所需要的功能和规则推动到系统中得以实现； 【任职资格】 1、本科及以上学历，2年以上工作经验、1年以上数据运营经验，有电销运营经验或互联网运营经验优先。 2、熟练使用office办公软件，有数据库查询工具如HIVE或SQL及可视化工具tableau者优先； 3、学习能力强、执行能力强、抗压性强、创新能力；良好的沟通及表达能力、应变能力和解决问题的能力； 4、有责任心、团队合作精神、敬业精神；灵活性及坚韧性。    
,,,,,,,,,,,,,,,,,,（一）工作职责 1、分析业务系统和公司运营现状，综合利用数字化技术推进业务数字化建设；2、统筹建立数据分析模型，通过分析结果提出经营建议，支撑经营性决策，提升公司运营效率；3、带领团队开展航运物流行业大数据分析和研究，推动公司数字化建设和运营开展；4、协助设计各个层级的数据展板和报表，支撑经营决策；5、建立和发起创新数据策略方案；6、参与公司新的数字化创新和解决方案制定和实施；7、完成领导交办的其他工作。（二）任职要求 1、大学本科及以上学历，数学、统计学或计算机专业，在航运或物流多个领域有较强的阅历；2、精通各类算法和优化策略，具有开发建立多种数学模型的经验和技能，包括先进的机器学习建模和统计学验证及方法论；3、具备优秀的业务数字化洞察力、信息系统分析和解决方案提供能力；4、熟悉python等编程技能，熟悉一种以上主流数据开发平台；5、拥有不断进取的精神和开放的胸怀；6、英语精通；7、香港居民优先。
曙光信息产业（北京）有限公司,数据分析工程师,五险一金/免费班车/定期体检/包吃/节日福利/高温补贴/补充医疗保险/通讯补贴,CZ120205180,1000-9999人,1万-2万,乌鲁木齐,本科,3-5年,国企,http://company.zhaopin.com/CC120205182.htm,http://jobs.zhaopin.com/CC120205182J00107807615.htm,数据分析工程师,CC120205182J00107807615,890,,1,1,作为项目成员完成基于数据挖掘/分析的商业咨询项目的部分模块工作；参与前期项目调研和项目建议书的撰写；发现新客户和现有客户在数据挖掘项目上的新需求；与项目经理一并完成客户的相关培训并辅助项目的实施与执行。职位要求：熟练使用数据处理软件如SAS、Python、Excel等进行数据准备、统计分析等工作；敏锐的数据观察和分析能力，具备利用数据分析解决商业、市场营销、风险问题的能力；具备快速学习能力，能借助公开资料通过自学快速掌握陌生领域的问题处理方法论；工作认真、细致、踏实，对数据敏感，有钻研精神；有电信/金融/零售/互联网行业应用经验者优先。
曙光信息产业（北京）有限公司,数据分析工程师,五险一金/免费班车/定期体检/包吃/节日福利/高温补贴/补充医疗保险/通讯补贴,CZ120205180,1000-9999人,1万-2万,乌鲁木齐,本科,3-5年,国企,http://company.zhaopin.com/CC120205182.htm,http://jobs.zhaopin.com/CC120205182J00107807615.htm,数据分析工程师,CC120205182J00107807615,890,,1,1,岗位职责：从事大数据分析及相关数据运营工作学历要求：大学本科及以上，计算机、数学、统计及相关专业任职要求：1、能够熟练编写SQL，熟悉Oracle数据库（能够使用Spark／hive/Hadoop平台进行大数据分析建模经验者优先考虑 ）2、具备数据分析能力和建模优化能力，能通过不同维度的建模分析，发现数据中隐含规律和特点，并形成分析报告。3、掌握数据挖掘理论知识，能够熟练使用IBM SPSS Modeler、python或R等数据建模分析工具。4、大数据架构、挖掘、采集、算法、分析等方向均有需求。5、熟悉数据运营行业相关业务知识，通信运营商优先。6、具备团队合作能力和良好的沟通能力。7、具备一年以上数据分析工作经验。8、具备专业、敬业、协作、执行的职业素养。 公众为您提供展翅翱翔的机会！
曙光信息产业（北京）有限公司,数据分析工程师,五险一金/免费班车/定期体检/包吃/节日福利/高温补贴/补充医疗保险/通讯补贴,CZ120205180,1000-9999人,1万-2万,乌鲁木齐,本科,3-5年,国企,http://company.zhaopin.com/CC120205182.htm,http://jobs.zhaopin.com/CC120205182J00107807615.htm,数据分析工程师,CC120205182J00107807615,890,,1,1,岗位职责：1、通过互联网（含电信运营商）平台数据分析，进行产品的整理、统计与分析，尝试产品运营及新模式的探索；2、构建数据评估体系及业务数据分析体系，帮助确定各项业务数据指标；3、通过海量数据的挖掘和分析，形成报告，支持产品运营规划；4、负责运营业务的数据监测，具有较强的营销策划能力，能根据当前市场情况不定期策划营销活动；5、负责收集市场和行业信息，为定制产品策略提供依据；6、配合数据分析团队进行相关的经营效果评估，针对营销改进方案提出相关的切实可行的建议。任职要求：1、大学本科及以上学历，数学、统计、市场营销学、传媒学等相关专业背景，有一定的市场营销、计算机专业基础优先；2、有数据统计分析经验，具有良好统计分析能力和逻辑思维能力；3、具备互联网思维，有清晰的运营思路，通过数据有效分析，对产品及营销做出调整，并制定销售计划；4、有很强的沟通能力和执行力；5、具备专业、敬业、协作、执行的职业素养。公众提供给您展翅翱翔的机会！
新疆海智投资有限公司,总部市场专员,每年多次调薪/年底双薪/交通补助/通讯补助/弹性工作/定期体检/员工旅游/节日福利,CZ674938620,1000-9999人,4千-6千,乌鲁木齐,本科,不限,民营,http://company.zhaopin.com/CC674938621.htm,http://jobs.zhaopin.com/674938621250330.htm,总部市场专员,CC674938621J90250330000,890,沙依巴克区,1,1,1、负责新疆地区销量数据分析。2、负责新疆地区产品价格预测及分析。3、负责新疆地区价格趋势分析。任职资格：本科及以上学历（理工科专业）。
深圳市长亮科技股份有限公司,大数据开发工程师-数据库方向,带薪年假/弹性工作/定期体检/通讯补助/五险一金,CZ120564550,1000-9999人,7千-1.4万,乌鲁木齐,大专,1-3年,上市公司,http://company.zhaopin.com/CZ120564550.htm,http://jobs.zhaopin.com/CC120564559J00179611208.htm,大数据开发工程师-数据库方向,CC120564559J00179611208,890,,1,1,应聘要求：数学、计算机、信息工程、统计学专业等相关专业；良好的EXCEL VBA及SQL语言编写能力，最好对R/SAS/MATLAB等工具有一定了解1、对学校内部数据进行整理、统计，定期提供运营管理数据报表；2、对重点数据指标进行持续数据跟进及反馈；3、对学校数据标签进行梳理、定期维护，并提出优化改进建议；4、协助数据中心经理，针对业务问题/需求，分析产品、区域、客户等数据，建立统计分析模型，进行数据测算，并撰写报告，提出合理建议；5、对专项分析报告的后续数据持续进行跟进和反馈；6、协助数据中心经理搭建学校数据报表系统，高效支持业务端的数据查询需求；7、对学校数据系统的日常数据维护及更新。
新疆交通建设集团股份有限公司,文件材料管理员,五险一金/绩效奖金/通讯补助/采暖补贴/定期体检/餐补/节日福利,CZ252136180,1000-9999人,4千-6千,乌鲁木齐,本科,1-3年,国企,http://company.zhaopin.com/CZ252136180.htm,http://jobs.zhaopin.com/CC252136184J00388706603.htm,文件材料管理员,CC252136184J00388706603,890,,1,1,一、 工作职责：1、项目需求沟通与分析，需求整理、变更、跟踪等；2、需求报表整理与输出；3、需求会议评审总结。二、 岗位要求：1、全日制本科及以上学历，2年及以上需求管理工作经验；2、具备良好的团队合作精神，及较强的沟通能力、语言表达能力；3、熟练使用数据库增、删、改、查、导出等操作；4、具备敏捷管理经验并熟练掌握WORD、EXCEL、PPT等办公软件；5、有测试和开发工作优先录用。
曙光信息产业（北京）有限公司,数据分析工程师,五险一金/免费班车/定期体检/包吃/节日福利/高温补贴/补充医疗保险/通讯补贴,CZ120205180,1000-9999人,1万-2万,乌鲁木齐,本科,3-5年,国企,http://company.zhaopin.com/CC120205182.htm,http://jobs.zhaopin.com/CC120205182J00107807615.htm,数据分析工程师,CC120205182J00107807615,890,,1,1,岗位职责：1.负责收集，统计整理数据，跟踪及研判区域市场形势或走势；2.了解最新楼盘动态，制定楼盘分析报告；任职资格：1.工作热情负责、认真细致，市场感觉敏锐;2.有较强的市场分析能力，数据分析能力，并能结合数据和市场提出自己的见解；3.思路清晰，具有较强的逻辑思维与表达能力；4.不限专业，不限工作年限。
飞思达技术（北京）有限公司,市场/数据运营工程师,五险一金/绩效奖金/餐补/带薪年假/员工旅游/节日福利/高原补贴,CZ142599530,100-499人,8千-1.2万,拉萨,学历不限,不限,外商独资,http://special.zhaopin.com/pagepublish/14259953/index.html,http://jobs.zhaopin.com/CC142599537J00178462610.htm,市场/数据运营工程师,CC142599537J00178462610,847,城关区,1,1,"岗位工作内容：1、视频整体数据业务的规划和落地工作。2、分析业务方数据需求进行统计分析。3、跟踪公司产品发展，监控重点数据，能从数据异动中主动发现问题，结合对业务的深入理解,分析和探索解决方向和方法。4、参与数据产品的研发，与分析师、业务方紧密合作，挖掘数据的商业价值,丰富产品形态。人员要求：1、专科及以上学历，统计学、应用数学、计算机相关专业。2、做事细心踏实，具备高度的工作责任心、抗压性，有吃苦耐劳的工作心态。3、熟悉整体项目实现过程，包括从业务调研、需求分析到产品发布。4、熟悉底层数据的架构技术以及应用层数据分析和算法的基本概念，能够运用数据作为产品解决业务方运营及决策问题。5、有流量分析系统、经营分析系统建设经验者优先考虑。E-mail：******************"
北京三快在线科技有限公司,快驴事业部-市调员（昆明）,五险一金/绩效奖金/加班补助/带薪年假/餐补/补充医疗保险/免费班车,CZ383625320,10000人以上,面议,昆明,大专,1-3年,上市公司,http://special.zhaopin.com/2017/bj/bjsk032382,http://jobs.zhaopin.com/CC383625322J00206202713.htm,快驴事业部-市调员（昆明）,CC383625322J00206202713,831,,1,1,【岗位职责】1.负责售前客户提出需求的业务分析、咨询；2.负责客户需求落地解决方案的编写；3.数据分析类项目业务数据分析，利用数据挖掘算法形成业务模型，指导落地；【岗位要求】1.数学、计算机相关专业，统招本科及以上学历，1年及以上相关工作经验；2.熟练掌握各类数据挖掘算法在相关领域应用；3.熟练掌握数据分析工具，如spss、sas、R语言、Python、SQL等；4.善于沟通交流，具备较好职业素养5.具有电力行业数据挖掘经验者优先考虑。【薪资福利】对于人才，我们从不吝啬，不委屈最有价值的你！年终奖金、差旅补贴、五险一金、定期体检、商业保险、双休、法定节假日、带薪年休假、节日礼金、结婚礼金、生育礼金、外培机会等都是基本福利；股票期权、合伙人并不是梦想；生日趴、节日趴、健步走……咖啡、饮料、休闲小食品、图书……乐享生活、快乐工作是我们的宗旨!
深圳市长亮科技股份有限公司,银行SAS/R/PYTHON数据分析挖掘建模岗,五险一金/周末双休/年底双薪/餐补/通讯补助/定期体检,CZ120564550,1000-9999人,1万-2万,昆明,本科,不限,上市公司,http://company.zhaopin.com/CZ120564550.htm,http://jobs.zhaopin.com/CC120564550J00080758308.htm,银行SAS/R/PYTHON数据分析挖掘建模岗,CC120564550J00080758308,831,,1,1,"岗位职责：1、根据业务方数据需求进行统计分析；2、协助项目经理进行相关运营工作。3、跟踪公司产品发展，监控重点数据，能从数据异动中主动发现问题，结合对业务的深入理解,分析和探索解决方向和方法。人员要求：1、专科及以上学历，统计学、应用数学、计算机相关专业。2、做事细心踏实，具备高度的工作责任心、抗压性，有吃苦耐劳的工作心态。4、熟悉整体项目实现过程，包括从业务调研、需求分析到产品发布。5、熟练运用EXCEL、PPT等工具进行数据分析，对于报表有比较专业精良的能力。"
